{
  "accuracy": 0.9141734838485718,
  "precision": 0.8595800399780273,
  "recall": 0.7872596383094788,
  "f1": 0.8218319416046143,
  "fscore": 0.8218319416046143,
  "fscore_beta": 1.0,
  "random_scores": {}
}