{
  "accuracy": 0.8419375419616699,
  "precision": 0.8123222589492798,
  "recall": 0.6108339428901672,
  "f1": 0.6973148584365845,
  "fscore": 0.6973148584365845,
  "fscore_beta": 1.0,
  "random_scores": {}
}