{
  "accuracy": 0.8273480534553528,
  "precision": 0.6803751587867737,
  "recall": 0.7544000148773193,
  "f1": 0.7154780030250549,
  "fscore": 0.7154780030250549,
  "fscore_beta": 1.0,
  "random_scores": {}
}