{
  "accuracy": 0.8612797856330872,
  "precision": 0.7631999850273132,
  "recall": 0.7619808316230774,
  "f1": 0.7625898718833923,
  "fscore": 0.7625898718833923,
  "fscore_beta": 1.0,
  "random_scores": {}
}