{
  "accuracy": 0.7939317226409912,
  "precision": 0.7069767713546753,
  "recall": 0.60317462682724,
  "f1": 0.6509636640548706,
  "fscore": 0.6509636640548706,
  "fscore_beta": 1.0,
  "random_scores": {}
}