{
  "accuracy": 0.7790752053260803,
  "precision": 0.620853066444397,
  "recall": 0.6277955174446106,
  "f1": 0.6243049502372742,
  "fscore": 0.6243049502372742,
  "fscore_beta": 1.0,
  "random_scores": {}
}