{
  "accuracy": 0.8564516305923462,
  "precision": 0.7196581363677979,
  "recall": 0.7603853344917297,
  "f1": 0.7394614219665527,
  "fscore": 0.7394614219665527,
  "fscore_beta": 1.0,
  "random_scores": {}
}