{
  "accuracy": 0.8559084534645081,
  "precision": 0.7648040056228638,
  "recall": 0.7324281334877014,
  "f1": 0.7482659816741943,
  "fscore": 0.7482659816741943,
  "fscore_beta": 1.0,
  "random_scores": {}
}