{
  "accuracy": 0.8623700737953186,
  "precision": 0.7483552694320679,
  "recall": 0.718799352645874,
  "f1": 0.7332795858383179,
  "fscore": 0.7332795858383179,
  "fscore_beta": 1.0,
  "random_scores": {}
}