{
  "accuracy": 0.8699355721473694,
  "precision": 0.7768795490264893,
  "recall": 0.7688000202178955,
  "f1": 0.7728186845779419,
  "fscore": 0.7728186845779419,
  "fscore_beta": 1.0,
  "random_scores": {}
}