{
  "accuracy": 0.8586556315422058,
  "precision": 0.7880434989929199,
  "recall": 0.6959999799728394,
  "f1": 0.739167332649231,
  "fscore": 0.739167332649231,
  "fscore_beta": 1.0,
  "random_scores": {}
}