{
  "accuracy": 0.8519189953804016,
  "precision": 0.737500011920929,
  "recall": 0.6382211446762085,
  "f1": 0.6842783093452454,
  "fscore": 0.6842783093452454,
  "fscore_beta": 1.0,
  "random_scores": {}
}