{
  "accuracy": 0.8144567012786865,
  "precision": 0.7265306115150452,
  "recall": 0.569599986076355,
  "f1": 0.6385650038719177,
  "fscore": 0.6385650038719177,
  "fscore_beta": 1.0,
  "random_scores": {}
}