{
  "accuracy": 0.849369466304779,
  "precision": 0.7429943680763245,
  "recall": 0.7412140369415283,
  "f1": 0.7421031594276428,
  "fscore": 0.7421031594276428,
  "fscore_beta": 1.0,
  "random_scores": {}
}