{
  "accuracy": 0.8930644989013672,
  "precision": 0.839455783367157,
  "recall": 0.7429259419441223,
  "f1": 0.7882465720176697,
  "fscore": 0.7882465720176697,
  "fscore_beta": 1.0,
  "random_scores": {}
}