{
  "accuracy": 0.972767174243927,
  "precision": 0.868852436542511,
  "recall": 0.8760330677032471,
  "f1": 0.8724279999732971,
  "fscore": 0.8724279999732971,
  "fscore_beta": 1.0,
  "random_scores": {}
}