{
  "accuracy": 0.8319734334945679,
  "precision": 0.6543624401092529,
  "recall": 0.703125,
  "f1": 0.6778679490089417,
  "fscore": 0.6778679490089417,
  "fscore_beta": 1.0,
  "random_scores": {}
}