{
  "accuracy": 0.8690322637557983,
  "precision": 0.8004246354103088,
  "recall": 0.680915117263794,
  "f1": 0.7358490824699402,
  "fscore": 0.7358490824699402,
  "fscore_beta": 1.0,
  "random_scores": {}
}