{
  "accuracy": 0.8780645132064819,
  "precision": 0.8055368065834045,
  "recall": 0.7182420492172241,
  "f1": 0.7593889236450195,
  "fscore": 0.7593889236450195,
  "fscore_beta": 1.0,
  "random_scores": {}
}