{
  "accuracy": 0.8461771011352539,
  "precision": 0.702634871006012,
  "recall": 0.6730769276618958,
  "f1": 0.6875383853912354,
  "fscore": 0.6875383853912354,
  "fscore_beta": 1.0,
  "random_scores": {}
}