{
  "accuracy": 0.8887733817100525,
  "precision": 0.7921662926673889,
  "recall": 0.7827804088592529,
  "f1": 0.7874454259872437,
  "fscore": 0.7874454259872437,
  "fscore_beta": 1.0,
  "random_scores": {}
}