{
  "accuracy": 0.8456329107284546,
  "precision": 0.7549611926078796,
  "recall": 0.6988818049430847,
  "f1": 0.7258399724960327,
  "fscore": 0.7258399724960327,
  "fscore_beta": 1.0,
  "random_scores": {}
}