{
  "accuracy": 0.8741242289543152,
  "precision": 0.8008438944816589,
  "recall": 0.7579872012138367,
  "f1": 0.7788264155387878,
  "fscore": 0.7788264155387878,
  "fscore_beta": 1.0,
  "random_scores": {}
}