{
  "accuracy": 0.8962903022766113,
  "precision": 0.8384308218955994,
  "recall": 0.7591812014579773,
  "f1": 0.7968404293060303,
  "fscore": 0.7968404293060303,
  "fscore_beta": 1.0,
  "random_scores": {}
}