{
  "accuracy": 0.8608455657958984,
  "precision": 0.7890345454216003,
  "recall": 0.5807017683982849,
  "f1": 0.6690247654914856,
  "fscore": 0.6690247654914856,
  "fscore_beta": 1.0,
  "random_scores": {}
}