{
  "accuracy": 0.8940322399139404,
  "precision": 0.8272490501403809,
  "recall": 0.7639976143836975,
  "f1": 0.7943662405014038,
  "fscore": 0.7943662405014038,
  "fscore_beta": 1.0,
  "random_scores": {}
}