{
  "accuracy": 0.9709378480911255,
  "precision": 0.9045971035957336,
  "recall": 0.8883495330810547,
  "f1": 0.896399736404419,
  "fscore": 0.896399736404419,
  "fscore_beta": 1.0,
  "random_scores": {}
}