{
  "accuracy": 0.9668305516242981,
  "precision": 0.8888888955116272,
  "recall": 0.8290830254554749,
  "f1": 0.8579449653625488,
  "fscore": 0.8579449653625488,
  "fscore_beta": 1.0,
  "random_scores": {}
}