{
  "accuracy": 0.9104838967323303,
  "precision": 0.8746612668037415,
  "recall": 0.7772426009178162,
  "f1": 0.8230793476104736,
  "fscore": 0.8230793476104736,
  "fscore_beta": 1.0,
  "random_scores": {}
}