{
  "accuracy": 0.9262617230415344,
  "precision": 0.8769230842590332,
  "recall": 0.8221153616905212,
  "f1": 0.848635196685791,
  "fscore": 0.848635196685791,
  "fscore_beta": 1.0,
  "random_scores": {}
}