{
  "accuracy": 0.8743094205856323,
  "precision": 0.7767295837402344,
  "recall": 0.7904000282287598,
  "f1": 0.7835051417350769,
  "fscore": 0.7835051417350769,
  "fscore_beta": 1.0,
  "random_scores": {}
}