{
  "accuracy": 0.9590953588485718,
  "precision": 0.9067939519882202,
  "recall": 0.7790641784667969,
  "f1": 0.8380903601646423,
  "fscore": 0.8380903601646423,
  "fscore_beta": 1.0,
  "random_scores": {}
}