{
  "accuracy": 0.787580668926239,
  "precision": 0.5843137502670288,
  "recall": 0.7176399827003479,
  "f1": 0.6441501975059509,
  "fscore": 0.6441501975059509,
  "fscore_beta": 1.0,
  "random_scores": {}
}