{
  "accuracy": 0.9193548560142517,
  "precision": 0.8690400719642639,
  "recall": 0.8229981660842896,
  "f1": 0.845392644405365,
  "fscore": 0.845392644405365,
  "fscore_beta": 1.0,
  "random_scores": {}
}