{
  "accuracy": 0.7860381007194519,
  "precision": 0.563265323638916,
  "recall": 0.6634615659713745,
  "f1": 0.6092715263366699,
  "fscore": 0.6092715263366699,
  "fscore_beta": 1.0,
  "random_scores": {}
}