{
  "accuracy": 0.884208083152771,
  "precision": 0.8044009804725647,
  "recall": 0.7896000146865845,
  "f1": 0.7969317436218262,
  "fscore": 0.7969317436218262,
  "fscore_beta": 1.0,
  "random_scores": {}
}