{
  "accuracy": 0.8809852600097656,
  "precision": 0.8113848567008972,
  "recall": 0.7639999985694885,
  "f1": 0.7869797945022583,
  "fscore": 0.7869797945022583,
  "fscore_beta": 1.0,
  "random_scores": {}
}