{
  "accuracy": 0.836458683013916,
  "precision": 0.6924803853034973,
  "recall": 0.7051428556442261,
  "f1": 0.6987541913986206,
  "fscore": 0.6987541913986206,
  "fscore_beta": 1.0,
  "random_scores": {}
}