{
  "accuracy": 0.8638486862182617,
  "precision": 0.7794486284255981,
  "recall": 0.745207667350769,
  "f1": 0.7619436383247375,
  "fscore": 0.7619436383247375,
  "fscore_beta": 1.0,
  "random_scores": {}
}