{
  "accuracy": 0.9226352572441101,
  "precision": 0.8546798229217529,
  "recall": 0.8341346383094788,
  "f1": 0.8442822694778442,
  "fscore": 0.8442822694778442,
  "fscore_beta": 1.0,
  "random_scores": {}
}