{
  "accuracy": 0.862680971622467,
  "precision": 0.7752901911735535,
  "recall": 0.7468051314353943,
  "f1": 0.7607811093330383,
  "fscore": 0.7607811093330383,
  "fscore_beta": 1.0,
  "random_scores": {}
}