{
  "accuracy": 0.8558477163314819,
  "precision": 0.7141134142875671,
  "recall": 0.7115384340286255,
  "f1": 0.7128236889839172,
  "fscore": 0.7128236889839172,
  "fscore_beta": 1.0,
  "random_scores": {}
}