{
  "accuracy": 0.8798342347145081,
  "precision": 0.8013244867324829,
  "recall": 0.774399995803833,
  "f1": 0.7876322269439697,
  "fscore": 0.7876322269439697,
  "fscore_beta": 1.0,
  "random_scores": {}
}