{
  "accuracy": 0.890601396560669,
  "precision": 0.8020565509796143,
  "recall": 0.75,
  "f1": 0.7751553058624268,
  "fscore": 0.7751553058624268,
  "fscore_beta": 1.0,
  "random_scores": {}
}