{
  "accuracy": 0.882744312286377,
  "precision": 0.7964527010917664,
  "recall": 0.7448657155036926,
  "f1": 0.7697959542274475,
  "fscore": 0.7697959542274475,
  "fscore_beta": 1.0,
  "random_scores": {}
}