{
  "accuracy": 0.8421499729156494,
  "precision": 0.8191489577293396,
  "recall": 0.6037063598632812,
  "f1": 0.6951169371604919,
  "fscore": 0.6951169371604919,
  "fscore_beta": 1.0,
  "random_scores": {}
}