{
  "accuracy": 0.8518290519714355,
  "precision": 0.7104851603507996,
  "recall": 0.6045272946357727,
  "f1": 0.6532374024391174,
  "fscore": 0.6532374024391174,
  "fscore_beta": 1.0,
  "random_scores": {}
}