{
  "accuracy": 0.8693548440933228,
  "precision": 0.7969295382499695,
  "recall": 0.6875376105308533,
  "f1": 0.7382029891014099,
  "fscore": 0.7382029891014099,
  "fscore_beta": 1.0,
  "random_scores": {}
}