{
  "accuracy": 0.8966454863548279,
  "precision": 0.8125,
  "recall": 0.765625,
  "f1": 0.7883663177490234,
  "fscore": 0.7883663177490234,
  "fscore_beta": 1.0,
  "random_scores": {}
}