{
  "accuracy": 0.8580102920532227,
  "precision": 0.7428355813026428,
  "recall": 0.7867411971092224,
  "f1": 0.7641582489013672,
  "fscore": 0.7641582489013672,
  "fscore_beta": 1.0,
  "random_scores": {}
}