{
  "accuracy": 0.892903208732605,
  "precision": 0.8230719566345215,
  "recall": 0.764599621295929,
  "f1": 0.7927590608596802,
  "fscore": 0.7927590608596802,
  "fscore_beta": 1.0,
  "random_scores": {}
}