{
  "accuracy": 0.9247506856918335,
  "precision": 0.8630136847496033,
  "recall": 0.832932710647583,
  "f1": 0.8477063775062561,
  "fscore": 0.8477063775062561,
  "fscore_beta": 1.0,
  "random_scores": {}
}