{
  "accuracy": 0.9161452054977417,
  "precision": 0.6354838609695435,
  "recall": 0.5596590638160706,
  "f1": 0.5951660871505737,
  "fscore": 0.5951660871505737,
  "fscore_beta": 1.0,
  "random_scores": {}
}