{
  "accuracy": 0.8991712927818298,
  "precision": 0.8306189179420471,
  "recall": 0.8159999847412109,
  "f1": 0.8232446312904358,
  "fscore": 0.8232446312904358,
  "fscore_beta": 1.0,
  "random_scores": {}
}