{
  "accuracy": 0.8591160178184509,
  "precision": 0.7937384843826294,
  "recall": 0.6895999908447266,
  "f1": 0.7380136847496033,
  "fscore": 0.7380136847496033,
  "fscore_beta": 1.0,
  "random_scores": {}
}