{
  "accuracy": 0.8120037317276001,
  "precision": 0.689246416091919,
  "recall": 0.6501597166061401,
  "f1": 0.6691327691078186,
  "fscore": 0.6691327691078186,
  "fscore_beta": 1.0,
  "random_scores": {}
}