{
  "accuracy": 0.8793548345565796,
  "precision": 0.7792049050331116,
  "recall": 0.7670078277587891,
  "f1": 0.773058295249939,
  "fscore": 0.773058295249939,
  "fscore_beta": 1.0,
  "random_scores": {}
}