{
  "accuracy": 0.9259595274925232,
  "precision": 0.8673341870307922,
  "recall": 0.832932710647583,
  "f1": 0.8497854471206665,
  "fscore": 0.8497854471206665,
  "fscore_beta": 1.0,
  "random_scores": {}
}