{
  "accuracy": 0.9574716687202454,
  "precision": 0.8960967659950256,
  "recall": 0.791262149810791,
  "f1": 0.8404228091239929,
  "fscore": 0.8404228091239929,
  "fscore_beta": 1.0,
  "random_scores": {}
}