{
  "accuracy": 0.9578317403793335,
  "precision": 0.845862627029419,
  "recall": 0.8205666542053223,
  "f1": 0.8330226540565491,
  "fscore": 0.8330226540565491,
  "fscore_beta": 1.0,
  "random_scores": {}
}