{
  "accuracy": 0.9715561866760254,
  "precision": 0.891160249710083,
  "recall": 0.8814207911491394,
  "f1": 0.8862637281417847,
  "fscore": 0.8862637281417847,
  "fscore_beta": 1.0,
  "random_scores": {}
}