{
  "accuracy": 0.976482629776001,
  "precision": 0.9208505749702454,
  "recall": 0.8923869729042053,
  "f1": 0.9063953757286072,
  "fscore": 0.9063953757286072,
  "fscore_beta": 1.0,
  "random_scores": {}
}