{
  "accuracy": 0.8748672008514404,
  "precision": 0.803748607635498,
  "recall": 0.6394736766815186,
  "f1": 0.7122618556022644,
  "fscore": 0.7122618556022644,
  "fscore_beta": 1.0,
  "random_scores": {}
}