{
  "accuracy": 0.8853591084480286,
  "precision": 0.8219178318977356,
  "recall": 0.7680000066757202,
  "f1": 0.7940446734428406,
  "fscore": 0.7940446734428406,
  "fscore_beta": 1.0,
  "random_scores": {}
}