{
  "accuracy": 0.8914760947227478,
  "precision": 0.7938388586044312,
  "recall": 0.7938388586044312,
  "f1": 0.7938388586044312,
  "fscore": 0.7938388586044312,
  "fscore_beta": 1.0,
  "random_scores": {}
}