{
  "accuracy": 0.8862799406051636,
  "precision": 0.8292682766914368,
  "recall": 0.7616000175476074,
  "f1": 0.7939950823783875,
  "fscore": 0.7939950823783875,
  "fscore_beta": 1.0,
  "random_scores": {}
}