{
  "accuracy": 0.9707317352294922,
  "precision": 0.9024630784988403,
  "recall": 0.8893203735351562,
  "f1": 0.895843505859375,
  "fscore": 0.895843505859375,
  "fscore_beta": 1.0,
  "random_scores": {}
}