{
  "accuracy": 0.974963366985321,
  "precision": 0.891686201095581,
  "recall": 0.9065476059913635,
  "f1": 0.899055540561676,
  "fscore": 0.899055540561676,
  "fscore_beta": 1.0,
  "random_scores": {}
}