{
  "accuracy": 0.8763812184333801,
  "precision": 0.8008438944816589,
  "recall": 0.7591999769210815,
  "f1": 0.7794661521911621,
  "fscore": 0.7794661521911621,
  "fscore_beta": 1.0,
  "random_scores": {}
}