{
  "accuracy": 0.9684487581253052,
  "precision": 0.914303719997406,
  "recall": 0.8305667042732239,
  "f1": 0.8704259395599365,
  "fscore": 0.8704259395599365,
  "fscore_beta": 1.0,
  "random_scores": {}
}