{
  "accuracy": 0.8819060921669006,
  "precision": 0.7885669469833374,
  "recall": 0.8055999875068665,
  "f1": 0.7969924211502075,
  "fscore": 0.7969924211502075,
  "fscore_beta": 1.0,
  "random_scores": {}
}