{
  "accuracy": 0.8782228231430054,
  "precision": 0.7923763394355774,
  "recall": 0.7815999984741211,
  "f1": 0.7869513034820557,
  "fscore": 0.7869513034820557,
  "fscore_beta": 1.0,
  "random_scores": {}
}