{
  "accuracy": 0.9612005949020386,
  "precision": 0.8350815773010254,
  "recall": 0.8529762029647827,
  "f1": 0.8439340591430664,
  "fscore": 0.8439340591430664,
  "fscore_beta": 1.0,
  "random_scores": {}
}