{
  "accuracy": 0.8981565237045288,
  "precision": 0.817715048789978,
  "recall": 0.765625,
  "f1": 0.7908132076263428,
  "fscore": 0.7908132076263428,
  "fscore_beta": 1.0,
  "random_scores": {}
}