{
  "accuracy": 0.8791436553001404,
  "precision": 0.802335262298584,
  "recall": 0.769599974155426,
  "f1": 0.7856267690658569,
  "fscore": 0.7856267690658569,
  "fscore_beta": 1.0,
  "random_scores": {}
}