{
  "accuracy": 0.9696925282478333,
  "precision": 0.8619247078895569,
  "recall": 0.8512396812438965,
  "f1": 0.8565489053726196,
  "fscore": 0.8565489053726196,
  "fscore_beta": 1.0,
  "random_scores": {}
}