{
  "accuracy": 0.84376460313797,
  "precision": 0.7497857809066772,
  "recall": 0.6988818049430847,
  "f1": 0.7234394550323486,
  "fscore": 0.7234394550323486,
  "fscore_beta": 1.0,
  "random_scores": {}
}