{
  "accuracy": 0.8823664784431458,
  "precision": 0.807148814201355,
  "recall": 0.7767999768257141,
  "f1": 0.7916836142539978,
  "fscore": 0.7916836142539978,
  "fscore_beta": 1.0,
  "random_scores": {}
}