{
  "accuracy": 0.788242757320404,
  "precision": 0.7302452325820923,
  "recall": 0.5317460298538208,
  "f1": 0.6153846383094788,
  "fscore": 0.6153846383094788,
  "fscore_beta": 1.0,
  "random_scores": {}
}