{
  "accuracy": 0.902258038520813,
  "precision": 0.8370606899261475,
  "recall": 0.7886815071105957,
  "f1": 0.812151312828064,
  "fscore": 0.812151312828064,
  "fscore_beta": 1.0,
  "random_scores": {}
}