{
  "accuracy": 0.8202117681503296,
  "precision": 0.6802459359169006,
  "recall": 0.7080000042915344,
  "f1": 0.6938455104827881,
  "fscore": 0.6938455104827881,
  "fscore_beta": 1.0,
  "random_scores": {}
}