{
  "accuracy": 0.8874193429946899,
  "precision": 0.8199335336685181,
  "recall": 0.7429259419441223,
  "f1": 0.7795324921607971,
  "fscore": 0.7795324921607971,
  "fscore_beta": 1.0,
  "random_scores": {}
}