{
  "accuracy": 0.9635863900184631,
  "precision": 0.8639417886734009,
  "recall": 0.8431693911552429,
  "f1": 0.8534292578697205,
  "fscore": 0.8534292578697205,
  "fscore_beta": 1.0,
  "random_scores": {}
}