{
  "accuracy": 0.9220901131629944,
  "precision": 0.6501457691192627,
  "recall": 0.6335227489471436,
  "f1": 0.6417266130447388,
  "fscore": 0.6417266130447388,
  "fscore_beta": 1.0,
  "random_scores": {}
}