{
  "accuracy": 0.8885483741760254,
  "precision": 0.8157551884651184,
  "recall": 0.7543648481369019,
  "f1": 0.7838598489761353,
  "fscore": 0.7838598489761353,
  "fscore_beta": 1.0,
  "random_scores": {}
}