{
  "accuracy": 0.8314917087554932,
  "precision": 0.7202380895614624,
  "recall": 0.6776000261306763,
  "f1": 0.6982687711715698,
  "fscore": 0.6982687711715698,
  "fscore_beta": 1.0,
  "random_scores": {}
}