{
  "accuracy": 0.8243811130523682,
  "precision": 0.7240143418312073,
  "recall": 0.6453673839569092,
  "f1": 0.6824324131011963,
  "fscore": 0.6824324131011963,
  "fscore_beta": 1.0,
  "random_scores": {}
}