{
  "accuracy": 0.856141984462738,
  "precision": 0.7875226140022278,
  "recall": 0.6956868767738342,
  "f1": 0.7387616634368896,
  "fscore": 0.7387616634368896,
  "fscore_beta": 1.0,
  "random_scores": {}
}