{
  "accuracy": 0.9534602165222168,
  "precision": 0.8598273396492004,
  "recall": 0.8027501106262207,
  "f1": 0.8303090333938599,
  "fscore": 0.8303090333938599,
  "fscore_beta": 1.0,
  "random_scores": {}
}