{
  "accuracy": 0.8836065530776978,
  "precision": 0.7857142686843872,
  "recall": 0.6766809821128845,
  "f1": 0.7271329760551453,
  "fscore": 0.7271329760551453,
  "fscore_beta": 1.0,
  "random_scores": {}
}