{
  "accuracy": 0.8836045265197754,
  "precision": 0.6989796161651611,
  "recall": 0.5189393758773804,
  "f1": 0.5956522226333618,
  "fscore": 0.5956522226333618,
  "fscore_beta": 1.0,
  "random_scores": {}
}