{
  "accuracy": 0.8696870803833008,
  "precision": 0.7570370435714722,
  "recall": 0.8162939548492432,
  "f1": 0.7855495810508728,
  "fscore": 0.7855495810508728,
  "fscore_beta": 1.0,
  "random_scores": {}
}