{
  "accuracy": 0.8527724742889404,
  "precision": 0.7782131433486938,
  "recall": 0.7077690958976746,
  "f1": 0.7413213849067688,
  "fscore": 0.7413213849067688,
  "fscore_beta": 1.0,
  "random_scores": {}
}