{
  "accuracy": 0.8288183212280273,
  "precision": 0.7160699367523193,
  "recall": 0.6869009733200073,
  "f1": 0.7011821866035461,
  "fscore": 0.7011821866035461,
  "fscore_beta": 1.0,
  "random_scores": {}
}