{
  "accuracy": 0.8993653655052185,
  "precision": 0.8076449036598206,
  "recall": 0.7872596383094788,
  "f1": 0.7973219752311707,
  "fscore": 0.7973219752311707,
  "fscore_beta": 1.0,
  "random_scores": {}
}