{
  "accuracy": 0.9166129231452942,
  "precision": 0.8360751867294312,
  "recall": 0.856712818145752,
  "f1": 0.8462682366371155,
  "fscore": 0.8462682366371155,
  "fscore_beta": 1.0,
  "random_scores": {}
}