{
  "accuracy": 0.8691447377204895,
  "precision": 0.7821782231330872,
  "recall": 0.6646634340286255,
  "f1": 0.718648374080658,
  "fscore": 0.718648374080658,
  "fscore_beta": 1.0,
  "random_scores": {}
}