{
  "accuracy": 0.9548725485801697,
  "precision": 0.8521057963371277,
  "recall": 0.825035572052002,
  "f1": 0.8383522033691406,
  "fscore": 0.8383522033691406,
  "fscore_beta": 1.0,
  "random_scores": {}
}