{
  "accuracy": 0.8842303156852722,
  "precision": 0.6625514626502991,
  "recall": 0.6098484992980957,
  "f1": 0.6351085305213928,
  "fscore": 0.6351085305213928,
  "fscore_beta": 1.0,
  "random_scores": {}
}