{
  "accuracy": 0.9704359173774719,
  "precision": 0.9022817611694336,
  "recall": 0.8774722814559937,
  "f1": 0.8897041082382202,
  "fscore": 0.8897041082382202,
  "fscore_beta": 1.0,
  "random_scores": {}
}