{
  "accuracy": 0.8932257890701294,
  "precision": 0.8254071474075317,
  "recall": 0.7627934813499451,
  "f1": 0.7928661108016968,
  "fscore": 0.7928661108016968,
  "fscore_beta": 1.0,
  "random_scores": {}
}