{
  "accuracy": 0.8626229763031006,
  "precision": 0.76615971326828,
  "recall": 0.5765379071235657,
  "f1": 0.6579592227935791,
  "fscore": 0.6579592227935791,
  "fscore_beta": 1.0,
  "random_scores": {}
}