{
  "accuracy": 0.8691447377204895,
  "precision": 0.7973174452781677,
  "recall": 0.6430288553237915,
  "f1": 0.7119095325469971,
  "fscore": 0.7119095325469971,
  "fscore_beta": 1.0,
  "random_scores": {}
}