{
  "accuracy": 0.8821362853050232,
  "precision": 0.8044554591178894,
  "recall": 0.7799999713897705,
  "f1": 0.7920389771461487,
  "fscore": 0.7920389771461487,
  "fscore_beta": 1.0,
  "random_scores": {}
}