{
  "accuracy": 0.8862785696983337,
  "precision": 0.8117952942848206,
  "recall": 0.7393364906311035,
  "f1": 0.773873507976532,
  "fscore": 0.773873507976532,
  "fscore_beta": 1.0,
  "random_scores": {}
}