{
  "accuracy": 0.8389179110527039,
  "precision": 0.6863710880279541,
  "recall": 0.5565912127494812,
  "f1": 0.6147058010101318,
  "fscore": 0.6147058010101318,
  "fscore_beta": 1.0,
  "random_scores": {}
}