{
  "accuracy": 0.8750519752502441,
  "precision": 0.7624309659004211,
  "recall": 0.7630331516265869,
  "f1": 0.7627319693565369,
  "fscore": 0.7627319693565369,
  "fscore_beta": 1.0,
  "random_scores": {}
}