{
  "accuracy": 0.8185840845108032,
  "precision": 0.7389867901802063,
  "recall": 0.66567462682724,
  "f1": 0.7004175782203674,
  "fscore": 0.7004175782203674,
  "fscore_beta": 1.0,
  "random_scores": {}
}