{
  "accuracy": 0.8867351412773132,
  "precision": 0.8022064566612244,
  "recall": 0.8130990266799927,
  "f1": 0.8076160550117493,
  "fscore": 0.8076160550117493,
  "fscore_beta": 1.0,
  "random_scores": {}
}