{
  "accuracy": 0.8773388862609863,
  "precision": 0.7779605388641357,
  "recall": 0.7472353577613831,
  "f1": 0.762288510799408,
  "fscore": 0.762288510799408,
  "fscore_beta": 1.0,
  "random_scores": {}
}