{
  "accuracy": 0.8628957867622375,
  "precision": 0.7537437677383423,
  "recall": 0.6031957268714905,
  "f1": 0.6701183319091797,
  "fscore": 0.6701183319091797,
  "fscore_beta": 1.0,
  "random_scores": {}
}