{
  "accuracy": 0.8438495993614197,
  "precision": 0.7919580340385437,
  "recall": 0.645759105682373,
  "f1": 0.7114251852035522,
  "fscore": 0.7114251852035522,
  "fscore_beta": 1.0,
  "random_scores": {}
}