{
  "accuracy": 0.9120579957962036,
  "precision": 0.8582781553268433,
  "recall": 0.7788461446762085,
  "f1": 0.8166351318359375,
  "fscore": 0.8166351318359375,
  "fscore_beta": 1.0,
  "random_scores": {}
}