{
  "accuracy": 0.8803225755691528,
  "precision": 0.797026515007019,
  "recall": 0.7423238754272461,
  "f1": 0.7687032222747803,
  "fscore": 0.7687032222747803,
  "fscore_beta": 1.0,
  "random_scores": {}
}