{
  "accuracy": 0.8779087066650391,
  "precision": 0.7681704163551331,
  "recall": 0.7367788553237915,
  "f1": 0.7521471977233887,
  "fscore": 0.7521471977233887,
  "fscore_beta": 1.0,
  "random_scores": {}
}