{
  "accuracy": 0.8966454863548279,
  "precision": 0.8275400996208191,
  "recall": 0.7439903616905212,
  "f1": 0.7835443019866943,
  "fscore": 0.7835443019866943,
  "fscore_beta": 1.0,
  "random_scores": {}
}