{
  "accuracy": 0.9560831189155579,
  "precision": 0.8680485486984253,
  "recall": 0.8141299486160278,
  "f1": 0.840225100517273,
  "fscore": 0.840225100517273,
  "fscore_beta": 1.0,
  "random_scores": {}
}