{
  "accuracy": 0.9008764028549194,
  "precision": 0.8298429250717163,
  "recall": 0.7620192170143127,
  "f1": 0.7944861650466919,
  "fscore": 0.7944861650466919,
  "fscore_beta": 1.0,
  "random_scores": {}
}