{
  "accuracy": 0.8848387002944946,
  "precision": 0.8281358480453491,
  "recall": 0.7194461226463318,
  "f1": 0.7699742913246155,
  "fscore": 0.7699742913246155,
  "fscore_beta": 1.0,
  "random_scores": {}
}