{
  "accuracy": 0.8318583965301514,
  "precision": 0.7162162065505981,
  "recall": 0.5817072987556458,
  "f1": 0.6419918537139893,
  "fscore": 0.6419918537139893,
  "fscore_beta": 1.0,
  "random_scores": {}
}