{
  "accuracy": 0.9165911078453064,
  "precision": 0.8406862616539001,
  "recall": 0.8245192170143127,
  "f1": 0.8325242400169373,
  "fscore": 0.8325242400169373,
  "fscore_beta": 1.0,
  "random_scores": {}
}