{
  "accuracy": 0.961324155330658,
  "precision": 0.8957675099372864,
  "recall": 0.7693977355957031,
  "f1": 0.8277875185012817,
  "fscore": 0.8277875185012817,
  "fscore_beta": 1.0,
  "random_scores": {}
}