{
  "accuracy": 0.8972499370574951,
  "precision": 0.8059701323509216,
  "recall": 0.7788461446762085,
  "f1": 0.7921760678291321,
  "fscore": 0.7921760678291321,
  "fscore_beta": 1.0,
  "random_scores": {}
}