{
  "accuracy": 0.9687408208847046,
  "precision": 0.8488767743110657,
  "recall": 0.8588154315948486,
  "f1": 0.8538172245025635,
  "fscore": 0.8538172245025635,
  "fscore_beta": 1.0,
  "random_scores": {}
}