{
  "accuracy": 0.8706212043762207,
  "precision": 0.7688751816749573,
  "recall": 0.7971246242523193,
  "f1": 0.7827451229095459,
  "fscore": 0.7827451229095459,
  "fscore_beta": 1.0,
  "random_scores": {}
}