{
  "accuracy": 0.9748169779777527,
  "precision": 0.8920187950134277,
  "recall": 0.9047619104385376,
  "f1": 0.8983451724052429,
  "fscore": 0.8983451724052429,
  "fscore_beta": 1.0,
  "random_scores": {}
}