{
  "accuracy": 0.8646774291992188,
  "precision": 0.8058035969734192,
  "recall": 0.6520168781280518,
  "f1": 0.7207987308502197,
  "fscore": 0.7207987308502197,
  "fscore_beta": 1.0,
  "random_scores": {}
}