{
  "accuracy": 0.9029031991958618,
  "precision": 0.8427184224128723,
  "recall": 0.7838651537895203,
  "f1": 0.8122270703315735,
  "fscore": 0.8122270703315735,
  "fscore_beta": 1.0,
  "random_scores": {}
}