{
  "accuracy": 0.8236409425735474,
  "precision": 0.694940447807312,
  "recall": 0.5695121884346008,
  "f1": 0.6260052919387817,
  "fscore": 0.6260052919387817,
  "fscore_beta": 1.0,
  "random_scores": {}
}