{
  "accuracy": 0.9734151363372803,
  "precision": 0.9132906794548035,
  "recall": 0.841519296169281,
  "f1": 0.8759372234344482,
  "fscore": 0.8759372234344482,
  "fscore_beta": 1.0,
  "random_scores": {}
}