{
  "accuracy": 0.9138712882995605,
  "precision": 0.841448187828064,
  "recall": 0.8100961446762085,
  "f1": 0.8254745602607727,
  "fscore": 0.8254745602607727,
  "fscore_beta": 1.0,
  "random_scores": {}
}