{
  "accuracy": 0.8966736197471619,
  "precision": 0.8118410110473633,
  "recall": 0.7906792759895325,
  "f1": 0.801120400428772,
  "fscore": 0.801120400428772,
  "fscore_beta": 1.0,
  "random_scores": {}
}