{
  "accuracy": 0.9249061346054077,
  "precision": 0.6794871687889099,
  "recall": 0.6022727489471436,
  "f1": 0.6385542154312134,
  "fscore": 0.6385542154312134,
  "fscore_beta": 1.0,
  "random_scores": {}
}