{
  "accuracy": 0.8638486862182617,
  "precision": 0.7789824604988098,
  "recall": 0.7460063695907593,
  "f1": 0.7621378302574158,
  "fscore": 0.7621378302574158,
  "fscore_beta": 1.0,
  "random_scores": {}
}