{
  "accuracy": 0.8349447250366211,
  "precision": 0.6955245733261108,
  "recall": 0.758400022983551,
  "f1": 0.7256027460098267,
  "fscore": 0.7256027460098267,
  "fscore_beta": 1.0,
  "random_scores": {}
}