{
  "accuracy": 0.9112903475761414,
  "precision": 0.8348402380943298,
  "recall": 0.8338350653648376,
  "f1": 0.8343373537063599,
  "fscore": 0.8343373537063599,
  "fscore_beta": 1.0,
  "random_scores": {}
}