{
  "accuracy": 0.9734260439872742,
  "precision": 0.8666666746139526,
  "recall": 0.8863636255264282,
  "f1": 0.8764044642448425,
  "fscore": 0.8764044642448425,
  "fscore_beta": 1.0,
  "random_scores": {}
}