{
  "accuracy": 0.8823664784431458,
  "precision": 0.8001624941825867,
  "recall": 0.7879999876022339,
  "f1": 0.7940347194671631,
  "fscore": 0.7940347194671631,
  "fscore_beta": 1.0,
  "random_scores": {}
}