{
  "accuracy": 0.8722559809684753,
  "precision": 0.7730441689491272,
  "recall": 0.7971246242523193,
  "f1": 0.7848997712135315,
  "fscore": 0.7848997712135315,
  "fscore_beta": 1.0,
  "random_scores": {}
}