{
  "accuracy": 0.8706212043762207,
  "precision": 0.7908333539962769,
  "recall": 0.7579872012138367,
  "f1": 0.7740620374679565,
  "fscore": 0.7740620374679565,
  "fscore_beta": 1.0,
  "random_scores": {}
}