{
  "accuracy": 0.9165911078453064,
  "precision": 0.8457711338996887,
  "recall": 0.817307710647583,
  "f1": 0.831295907497406,
  "fscore": 0.831295907497406,
  "fscore_beta": 1.0,
  "random_scores": {}
}