{
  "accuracy": 0.8841995596885681,
  "precision": 0.7838270664215088,
  "recall": 0.7733017206192017,
  "f1": 0.7785288095474243,
  "fscore": 0.7785288095474243,
  "fscore_beta": 1.0,
  "random_scores": {}
}