{
  "accuracy": 0.8814456462860107,
  "precision": 0.803970217704773,
  "recall": 0.7775999903678894,
  "f1": 0.7905653119087219,
  "fscore": 0.7905653119087219,
  "fscore_beta": 1.0,
  "random_scores": {}
}