{
  "accuracy": 0.8348902463912964,
  "precision": 0.7276524901390076,
  "recall": 0.6956868767738342,
  "f1": 0.7113108038902283,
  "fscore": 0.7113108038902283,
  "fscore_beta": 1.0,
  "random_scores": {}
}