{
  "accuracy": 0.8906444907188416,
  "precision": 0.7931854128837585,
  "recall": 0.7906792759895325,
  "f1": 0.7919303178787231,
  "fscore": 0.7919303178787231,
  "fscore_beta": 1.0,
  "random_scores": {}
}