{
  "accuracy": 0.8792099952697754,
  "precision": 0.7782290577888489,
  "recall": 0.7567140460014343,
  "f1": 0.7673207521438599,
  "fscore": 0.7673207521438599,
  "fscore_beta": 1.0,
  "random_scores": {}
}