{
  "accuracy": 0.8577767610549927,
  "precision": 0.745607316493988,
  "recall": 0.779552698135376,
  "f1": 0.7622022032737732,
  "fscore": 0.7622022032737732,
  "fscore_beta": 1.0,
  "random_scores": {}
}