{
  "accuracy": 0.8521351218223572,
  "precision": 0.8222424983978271,
  "recall": 0.6429080367088318,
  "f1": 0.7215999960899353,
  "fscore": 0.7215999960899353,
  "fscore_beta": 1.0,
  "random_scores": {}
}