{
  "accuracy": 0.9208385348320007,
  "precision": 0.6495468020439148,
  "recall": 0.6107954382896423,
  "f1": 0.6295753717422485,
  "fscore": 0.6295753717422485,
  "fscore_beta": 1.0,
  "random_scores": {}
}