{
  "accuracy": 0.9211242198944092,
  "precision": 0.8741808533668518,
  "recall": 0.801682710647583,
  "f1": 0.836363673210144,
  "fscore": 0.836363673210144,
  "fscore_beta": 1.0,
  "random_scores": {}
}