{
  "accuracy": 0.9740724563598633,
  "precision": 0.9203730225563049,
  "recall": 0.8402095437049866,
  "f1": 0.8784662485122681,
  "fscore": 0.8784662485122681,
  "fscore_beta": 1.0,
  "random_scores": {}
}