{
  "accuracy": 0.9074193835258484,
  "precision": 0.8420389890670776,
  "recall": 0.8055388331413269,
  "f1": 0.8233845829963684,
  "fscore": 0.8233845829963684,
  "fscore_beta": 1.0,
  "random_scores": {}
}