{
  "accuracy": 0.8029106259346008,
  "precision": 0.6118143200874329,
  "recall": 0.6872037649154663,
  "f1": 0.647321343421936,
  "fscore": 0.647321343421936,
  "fscore_beta": 1.0,
  "random_scores": {}
}