{
  "accuracy": 0.8282688856124878,
  "precision": 0.7028985619544983,
  "recall": 0.6984000205993652,
  "f1": 0.7006421089172363,
  "fscore": 0.7006421089172363,
  "fscore_beta": 1.0,
  "random_scores": {}
}