{
  "accuracy": 0.814345121383667,
  "precision": 0.6348517537117004,
  "recall": 0.6935229301452637,
  "f1": 0.662891685962677,
  "fscore": 0.662891685962677,
  "fscore_beta": 1.0,
  "random_scores": {}
}