{
  "accuracy": 0.9072580933570862,
  "precision": 0.8406524658203125,
  "recall": 0.8067429065704346,
  "f1": 0.8233487010002136,
  "fscore": 0.8233487010002136,
  "fscore_beta": 1.0,
  "random_scores": {}
}