{
  "accuracy": 0.8832873106002808,
  "precision": 0.8003233671188354,
  "recall": 0.7919999957084656,
  "f1": 0.7961399555206299,
  "fscore": 0.7961399555206299,
  "fscore_beta": 1.0,
  "random_scores": {}
}