{
  "accuracy": 0.9141734838485718,
  "precision": 0.8567708134651184,
  "recall": 0.7908653616905212,
  "f1": 0.8224999904632568,
  "fscore": 0.8224999904632568,
  "fscore_beta": 1.0,
  "random_scores": {}
}