{
  "accuracy": 0.8733870983123779,
  "precision": 0.8110795617103577,
  "recall": 0.6875376105308533,
  "f1": 0.7442163825035095,
  "fscore": 0.7442163825035095,
  "fscore_beta": 1.0,
  "random_scores": {}
}