{
  "accuracy": 0.8734236359596252,
  "precision": 0.7973199486732483,
  "recall": 0.7603833675384521,
  "f1": 0.7784137725830078,
  "fscore": 0.7784137725830078,
  "fscore_beta": 1.0,
  "random_scores": {}
}