{
  "accuracy": 0.8609852194786072,
  "precision": 0.7852760553359985,
  "recall": 0.6153846383094788,
  "f1": 0.6900269389152527,
  "fscore": 0.6900269389152527,
  "fscore_beta": 1.0,
  "random_scores": {}
}