{
  "accuracy": 0.8602670431137085,
  "precision": 0.7699412107467651,
  "recall": 0.7336000204086304,
  "f1": 0.7513313889503479,
  "fscore": 0.7513313889503479,
  "fscore_beta": 1.0,
  "random_scores": {}
}