{
  "accuracy": 0.884208083152771,
  "precision": 0.7971360087394714,
  "recall": 0.8015999794006348,
  "f1": 0.7993617057800293,
  "fscore": 0.7993617057800293,
  "fscore_beta": 1.0,
  "random_scores": {}
}