{
  "accuracy": 0.8619803786277771,
  "precision": 0.7711238861083984,
  "recall": 0.7507987022399902,
  "f1": 0.7608255743980408,
  "fscore": 0.7608255743980408,
  "fscore_beta": 1.0,
  "random_scores": {}
}