{
  "accuracy": 0.7741709351539612,
  "precision": 0.6126482486724854,
  "recall": 0.6190096139907837,
  "f1": 0.6158124804496765,
  "fscore": 0.6158124804496765,
  "fscore_beta": 1.0,
  "random_scores": {}
}