{
  "accuracy": 0.8767151832580566,
  "precision": 0.7531979084014893,
  "recall": 0.7906792759895325,
  "f1": 0.7714836001396179,
  "fscore": 0.7714836001396179,
  "fscore_beta": 1.0,
  "random_scores": {}
}