{
  "accuracy": 0.8748672008514404,
  "precision": 0.7703630924224854,
  "recall": 0.6885964870452881,
  "f1": 0.7271884679794312,
  "fscore": 0.7271884679794312,
  "fscore_beta": 1.0,
  "random_scores": {}
}