{
  "accuracy": 0.9016128778457642,
  "precision": 0.8436886668205261,
  "recall": 0.7766405940055847,
  "f1": 0.808777391910553,
  "fscore": 0.808777391910553,
  "fscore_beta": 1.0,
  "random_scores": {}
}