{
  "accuracy": 0.8034133911132812,
  "precision": 0.7193182110786438,
  "recall": 0.6279761791229248,
  "f1": 0.6705508828163147,
  "fscore": 0.6705508828163147,
  "fscore_beta": 1.0,
  "random_scores": {}
}