{
  "accuracy": 0.8816758990287781,
  "precision": 0.8041322231292725,
  "recall": 0.7784000039100647,
  "f1": 0.7910569310188293,
  "fscore": 0.7910569310188293,
  "fscore_beta": 1.0,
  "random_scores": {}
}