{
  "accuracy": 0.9085484147071838,
  "precision": 0.8384901285171509,
  "recall": 0.815773606300354,
  "f1": 0.82697594165802,
  "fscore": 0.82697594165802,
  "fscore_beta": 1.0,
  "random_scores": {}
}