{
  "accuracy": 0.8809677362442017,
  "precision": 0.7833026647567749,
  "recall": 0.7682119011878967,
  "f1": 0.7756838798522949,
  "fscore": 0.7756838798522949,
  "fscore_beta": 1.0,
  "random_scores": {}
}