{
  "accuracy": 0.8984806537628174,
  "precision": 0.8362427353858948,
  "recall": 0.8047999739646912,
  "f1": 0.8202201724052429,
  "fscore": 0.8202201724052429,
  "fscore_beta": 1.0,
  "random_scores": {}
}