{
  "accuracy": 0.8367863893508911,
  "precision": 0.708558201789856,
  "recall": 0.7351999878883362,
  "f1": 0.7216331958770752,
  "fscore": 0.7216331958770752,
  "fscore_beta": 1.0,
  "random_scores": {}
}