{
  "accuracy": 0.976847767829895,
  "precision": 0.8985507488250732,
  "recall": 0.8932547569274902,
  "f1": 0.8958948850631714,
  "fscore": 0.8958948850631714,
  "fscore_beta": 1.0,
  "random_scores": {}
}