{
  "accuracy": 0.8427716493606567,
  "precision": 0.7202796936035156,
  "recall": 0.741599977016449,
  "f1": 0.7307843565940857,
  "fscore": 0.7307843565940857,
  "fscore_beta": 1.0,
  "random_scores": {}
}