{
  "accuracy": 0.8817271590232849,
  "precision": 0.6378676295280457,
  "recall": 0.6571969985961914,
  "f1": 0.6473880410194397,
  "fscore": 0.6473880410194397,
  "fscore_beta": 1.0,
  "random_scores": {}
}