{
  "accuracy": 0.9679449200630188,
  "precision": 0.8945221304893494,
  "recall": 0.8328811526298523,
  "f1": 0.8626018762588501,
  "fscore": 0.8626018762588501,
  "fscore_beta": 1.0,
  "random_scores": {}
}