{
  "accuracy": 0.7283871173858643,
  "precision": 0.49034425616264343,
  "recall": 0.3515954315662384,
  "f1": 0.4095371663570404,
  "fscore": 0.4095371663570404,
  "fscore_beta": 1.0,
  "random_scores": {}
}