{
  "accuracy": 0.9165911078453064,
  "precision": 0.8432098627090454,
  "recall": 0.8209134340286255,
  "f1": 0.8319123387336731,
  "fscore": 0.8319123387336731,
  "fscore_beta": 1.0,
  "random_scores": {}
}