{
  "accuracy": 0.8496777415275574,
  "precision": 0.7681940793991089,
  "recall": 0.6840000152587891,
  "f1": 0.7236563563346863,
  "fscore": 0.7236563563346863,
  "fscore_beta": 1.0,
  "random_scores": {}
}