{
  "accuracy": 0.8612874150276184,
  "precision": 0.7136311531066895,
  "recall": 0.7487980723381042,
  "f1": 0.7307918071746826,
  "fscore": 0.7307918071746826,
  "fscore_beta": 1.0,
  "random_scores": {}
}