{
  "accuracy": 0.8659043908119202,
  "precision": 0.7877664566040039,
  "recall": 0.6714060306549072,
  "f1": 0.7249467372894287,
  "fscore": 0.7249467372894287,
  "fscore_beta": 1.0,
  "random_scores": {}
}