{
  "accuracy": 0.8868852257728577,
  "precision": 0.7398374080657959,
  "recall": 0.522988498210907,
  "f1": 0.6127945780754089,
  "fscore": 0.6127945780754089,
  "fscore_beta": 1.0,
  "random_scores": {}
}