{
  "accuracy": 0.9724493026733398,
  "precision": 0.9032571911811829,
  "recall": 0.9019417762756348,
  "f1": 0.902599036693573,
  "fscore": 0.902599036693573,
  "fscore_beta": 1.0,
  "random_scores": {}
}