{
  "accuracy": 0.8891891837120056,
  "precision": 0.8046550154685974,
  "recall": 0.7646129727363586,
  "f1": 0.7841230630874634,
  "fscore": 0.7841230630874634,
  "fscore_beta": 1.0,
  "random_scores": {}
}