{
  "accuracy": 0.9786006212234497,
  "precision": 0.934808611869812,
  "recall": 0.8946765661239624,
  "f1": 0.914302408695221,
  "fscore": 0.914302408695221,
  "fscore_beta": 1.0,
  "random_scores": {}
}