{
  "accuracy": 0.8830571174621582,
  "precision": 0.8071191906929016,
  "recall": 0.7799999713897705,
  "f1": 0.7933279275894165,
  "fscore": 0.7933279275894165,
  "fscore_beta": 1.0,
  "random_scores": {}
}