{
  "accuracy": 0.8796040415763855,
  "precision": 0.7901037335395813,
  "recall": 0.7919999957084656,
  "f1": 0.7910507321357727,
  "fscore": 0.7910507321357727,
  "fscore_beta": 1.0,
  "random_scores": {}
}