{
  "accuracy": 0.9156845211982727,
  "precision": 0.854942262172699,
  "recall": 0.8004807829856873,
  "f1": 0.826815664768219,
  "fscore": 0.826815664768219,
  "fscore_beta": 1.0,
  "random_scores": {}
}