{
  "accuracy": 0.8819127082824707,
  "precision": 0.7814516425132751,
  "recall": 0.7654028534889221,
  "f1": 0.7733440399169922,
  "fscore": 0.7733440399169922,
  "fscore_beta": 1.0,
  "random_scores": {}
}