{
  "accuracy": 0.8936234712600708,
  "precision": 0.8269754648208618,
  "recall": 0.729567289352417,
  "f1": 0.7752234935760498,
  "fscore": 0.7752234935760498,
  "fscore_beta": 1.0,
  "random_scores": {}
}