{
  "accuracy": 0.8602670431137085,
  "precision": 0.7607461214065552,
  "recall": 0.7504000067710876,
  "f1": 0.7555376887321472,
  "fscore": 0.7555376887321472,
  "fscore_beta": 1.0,
  "random_scores": {}
}