{
  "accuracy": 0.9292837977409363,
  "precision": 0.8873056769371033,
  "recall": 0.823317289352417,
  "f1": 0.8541146516799927,
  "fscore": 0.8541146516799927,
  "fscore_beta": 1.0,
  "random_scores": {}
}