{
  "accuracy": 0.9772859811782837,
  "precision": 0.9179278016090393,
  "recall": 0.9026903510093689,
  "f1": 0.9102452993392944,
  "fscore": 0.9102452993392944,
  "fscore_beta": 1.0,
  "random_scores": {}
}