{
  "accuracy": 0.8915745615959167,
  "precision": 0.8253968358039856,
  "recall": 0.7904000282287598,
  "f1": 0.8075194954872131,
  "fscore": 0.8075194954872131,
  "fscore_beta": 1.0,
  "random_scores": {}
}