{
  "accuracy": 0.8509677648544312,
  "precision": 0.7284563183784485,
  "recall": 0.707405149936676,
  "f1": 0.7177764177322388,
  "fscore": 0.7177764177322388,
  "fscore_beta": 1.0,
  "random_scores": {}
}