{
  "accuracy": 0.9083871245384216,
  "precision": 0.8383901119232178,
  "recall": 0.8151715993881226,
  "f1": 0.8266178369522095,
  "fscore": 0.8266178369522095,
  "fscore_beta": 1.0,
  "random_scores": {}
}