{
  "accuracy": 0.8531060218811035,
  "precision": 0.7295504808425903,
  "recall": 0.7907348275184631,
  "f1": 0.7589114308357239,
  "fscore": 0.7589114308357239,
  "fscore_beta": 1.0,
  "random_scores": {}
}