{
  "accuracy": 0.9046773910522461,
  "precision": 0.8411989808082581,
  "recall": 0.7940999269485474,
  "f1": 0.8169711828231812,
  "fscore": 0.8169711828231812,
  "fscore_beta": 1.0,
  "random_scores": {}
}