{
  "accuracy": 0.8814969062805176,
  "precision": 0.7880794405937195,
  "recall": 0.7519747018814087,
  "f1": 0.7696038484573364,
  "fscore": 0.7696038484573364,
  "fscore_beta": 1.0,
  "random_scores": {}
}