{
  "accuracy": 0.8925155997276306,
  "precision": 0.7988826632499695,
  "recall": 0.7906792759895325,
  "f1": 0.7947598099708557,
  "fscore": 0.7947598099708557,
  "fscore_beta": 1.0,
  "random_scores": {}
}