{
  "accuracy": 0.8862785696983337,
  "precision": 0.7892196178436279,
  "recall": 0.7748815417289734,
  "f1": 0.781984806060791,
  "fscore": 0.781984806060791,
  "fscore_beta": 1.0,
  "random_scores": {}
}