{
  "accuracy": 0.8839778900146484,
  "precision": 0.8057377338409424,
  "recall": 0.7864000201225281,
  "f1": 0.7959514260292053,
  "fscore": 0.7959514260292053,
  "fscore_beta": 1.0,
  "random_scores": {}
}