{
  "accuracy": 0.8791436553001404,
  "precision": 0.7930476665496826,
  "recall": 0.7847999930381775,
  "f1": 0.7889022827148438,
  "fscore": 0.7889022827148438,
  "fscore_beta": 1.0,
  "random_scores": {}
}