{
  "accuracy": 0.8823664784431458,
  "precision": 0.8238387107849121,
  "recall": 0.7519999742507935,
  "f1": 0.7862818837165833,
  "fscore": 0.7862818837165833,
  "fscore_beta": 1.0,
  "random_scores": {}
}