{
  "accuracy": 0.8584254384040833,
  "precision": 0.7570850253105164,
  "recall": 0.7480000257492065,
  "f1": 0.7525151371955872,
  "fscore": 0.7525151371955872,
  "fscore_beta": 1.0,
  "random_scores": {}
}