{
  "accuracy": 0.9705942869186401,
  "precision": 0.88643878698349,
  "recall": 0.8786885142326355,
  "f1": 0.8825466632843018,
  "fscore": 0.8825466632843018,
  "fscore_beta": 1.0,
  "random_scores": {}
}