{
  "accuracy": 0.8883517384529114,
  "precision": 0.8092158436775208,
  "recall": 0.8008000254631042,
  "f1": 0.8049859404563904,
  "fscore": 0.8049859404563904,
  "fscore_beta": 1.0,
  "random_scores": {}
}