{
  "accuracy": 0.8703876733779907,
  "precision": 0.7746257185935974,
  "recall": 0.7851437926292419,
  "f1": 0.7798492908477783,
  "fscore": 0.7798492908477783,
  "fscore_beta": 1.0,
  "random_scores": {}
}