{
  "accuracy": 0.8577049374580383,
  "precision": 0.7523809671401978,
  "recall": 0.5650929808616638,
  "f1": 0.6454248428344727,
  "fscore": 0.6454248428344727,
  "fscore_beta": 1.0,
  "random_scores": {}
}