{
  "accuracy": 0.9098387360572815,
  "precision": 0.8384521007537842,
  "recall": 0.8217940926551819,
  "f1": 0.8300395607948303,
  "fscore": 0.8300395607948303,
  "fscore_beta": 1.0,
  "random_scores": {}
}