{
  "accuracy": 0.8891891837120056,
  "precision": 0.7962813377380371,
  "recall": 0.7780410647392273,
  "f1": 0.787055492401123,
  "fscore": 0.787055492401123,
  "fscore_beta": 1.0,
  "random_scores": {}
}