{
  "accuracy": 0.8854638934135437,
  "precision": 0.7863463759422302,
  "recall": 0.7475961446762085,
  "f1": 0.7664818167686462,
  "fscore": 0.7664818167686462,
  "fscore_beta": 1.0,
  "random_scores": {}
}