{
  "accuracy": 0.8866128921508789,
  "precision": 0.8001253008842468,
  "recall": 0.768813967704773,
  "f1": 0.7841572761535645,
  "fscore": 0.7841572761535645,
  "fscore_beta": 1.0,
  "random_scores": {}
}