{
  "accuracy": 0.8559084534645081,
  "precision": 0.7550200819969177,
  "recall": 0.7507987022399902,
  "f1": 0.7529034614562988,
  "fscore": 0.7529034614562988,
  "fscore_beta": 1.0,
  "random_scores": {}
}