{
  "accuracy": 0.8287292718887329,
  "precision": 0.7158703207969666,
  "recall": 0.6711999773979187,
  "f1": 0.6928158402442932,
  "fscore": 0.6928158402442932,
  "fscore_beta": 1.0,
  "random_scores": {}
}