{
  "accuracy": 0.8545072674751282,
  "precision": 0.7439875602722168,
  "recall": 0.7659744620323181,
  "f1": 0.7548209428787231,
  "fscore": 0.7548209428787231,
  "fscore_beta": 1.0,
  "random_scores": {}
}