{
  "accuracy": 0.8962903022766113,
  "precision": 0.8425303101539612,
  "recall": 0.7537627816200256,
  "f1": 0.795678436756134,
  "fscore": 0.795678436756134,
  "fscore_beta": 1.0,
  "random_scores": {}
}