{
  "accuracy": 0.8852390646934509,
  "precision": 0.7888349294662476,
  "recall": 0.7701421976089478,
  "f1": 0.7793764472007751,
  "fscore": 0.7793764472007751,
  "fscore_beta": 1.0,
  "random_scores": {}
}