{
  "accuracy": 0.7295218110084534,
  "precision": 0.48941320180892944,
  "recall": 0.639020562171936,
  "f1": 0.5542994737625122,
  "fscore": 0.5542994737625122,
  "fscore_beta": 1.0,
  "random_scores": {}
}