{
  "accuracy": 0.9597148299217224,
  "precision": 0.8588687777519226,
  "recall": 0.8205666542053223,
  "f1": 0.839280903339386,
  "fscore": 0.839280903339386,
  "fscore_beta": 1.0,
  "random_scores": {}
}