{
  "accuracy": 0.8682381510734558,
  "precision": 0.7712329030036926,
  "recall": 0.676682710647583,
  "f1": 0.7208707332611084,
  "fscore": 0.7208707332611084,
  "fscore_beta": 1.0,
  "random_scores": {}
}