{
  "accuracy": 0.9111290574073792,
  "precision": 0.8430160880088806,
  "recall": 0.8211920261383057,
  "f1": 0.831960916519165,
  "fscore": 0.831960916519165,
  "fscore_beta": 1.0,
  "random_scores": {}
}