{
  "accuracy": 0.8954098224639893,
  "precision": 0.7154989242553711,
  "recall": 0.6455938816070557,
  "f1": 0.6787512302398682,
  "fscore": 0.6787512302398682,
  "fscore_beta": 1.0,
  "random_scores": {}
}