{
  "accuracy": 0.9008764028549194,
  "precision": 0.7923433780670166,
  "recall": 0.8209134340286255,
  "f1": 0.8063754439353943,
  "fscore": 0.8063754439353943,
  "fscore_beta": 1.0,
  "random_scores": {}
}