{
  "accuracy": 0.8399168252944946,
  "precision": 0.6828908324241638,
  "recall": 0.731437623500824,
  "f1": 0.7063310742378235,
  "fscore": 0.7063310742378235,
  "fscore_beta": 1.0,
  "random_scores": {}
}