{
  "accuracy": 0.8291060328483582,
  "precision": 0.6764705777168274,
  "recall": 0.6721959114074707,
  "f1": 0.6743265390396118,
  "fscore": 0.6743265390396118,
  "fscore_beta": 1.0,
  "random_scores": {}
}