{
  "accuracy": 0.9628843069076538,
  "precision": 0.8649657964706421,
  "recall": 0.8273809552192688,
  "f1": 0.8457559943199158,
  "fscore": 0.8457559943199158,
  "fscore_beta": 1.0,
  "random_scores": {}
}