{
  "accuracy": 0.8640332818031311,
  "precision": 0.7558528184890747,
  "recall": 0.7140600085258484,
  "f1": 0.7343623638153076,
  "fscore": 0.7343623638153076,
  "fscore_beta": 1.0,
  "random_scores": {}
}