{
  "accuracy": 0.9106451869010925,
  "precision": 0.84145587682724,
  "recall": 0.8211920261383057,
  "f1": 0.8312004804611206,
  "fscore": 0.8312004804611206,
  "fscore_beta": 1.0,
  "random_scores": {}
}