{
  "accuracy": 0.8846685290336609,
  "precision": 0.8144416213035583,
  "recall": 0.7760000228881836,
  "f1": 0.7947561740875244,
  "fscore": 0.7947561740875244,
  "fscore_beta": 1.0,
  "random_scores": {}
}