{
  "accuracy": 0.9106451869010925,
  "precision": 0.8573272824287415,
  "recall": 0.799518346786499,
  "f1": 0.827414333820343,
  "fscore": 0.827414333820343,
  "fscore_beta": 1.0,
  "random_scores": {}
}