{
  "accuracy": 0.9196131825447083,
  "precision": 0.8600509166717529,
  "recall": 0.8125,
  "f1": 0.8355995416641235,
  "fscore": 0.8355995416641235,
  "fscore_beta": 1.0,
  "random_scores": {}
}