{
  "accuracy": 0.9184043407440186,
  "precision": 0.8547979593276978,
  "recall": 0.8137019276618958,
  "f1": 0.8337438106536865,
  "fscore": 0.8337438106536865,
  "fscore_beta": 1.0,
  "random_scores": {}
}