{
  "accuracy": 0.8817741870880127,
  "precision": 0.7758620977401733,
  "recall": 0.7856712937355042,
  "f1": 0.7807358503341675,
  "fscore": 0.7807358503341675,
  "fscore_beta": 1.0,
  "random_scores": {}
}