{
  "accuracy": 0.8929912447929382,
  "precision": 0.6761363744735718,
  "recall": 0.6761363744735718,
  "f1": 0.6761363744735718,
  "fscore": 0.6761363744735718,
  "fscore_beta": 1.0,
  "random_scores": {}
}