{
  "accuracy": 0.8752919435501099,
  "precision": 0.7937806844711304,
  "recall": 0.774760365486145,
  "f1": 0.7841551899909973,
  "fscore": 0.7841551899909973,
  "fscore_beta": 1.0,
  "random_scores": {}
}