{
  "accuracy": 0.8663201928138733,
  "precision": 0.7646558880805969,
  "recall": 0.7109004855155945,
  "f1": 0.7367990016937256,
  "fscore": 0.7367990016937256,
  "fscore_beta": 1.0,
  "random_scores": {}
}