{
  "accuracy": 0.8452704548835754,
  "precision": 0.6900237798690796,
  "recall": 0.698317289352417,
  "f1": 0.6941457986831665,
  "fscore": 0.6941457986831665,
  "fscore_beta": 1.0,
  "random_scores": {}
}