{
  "accuracy": 0.8498035669326782,
  "precision": 0.701564371585846,
  "recall": 0.7007211446762085,
  "f1": 0.7011424899101257,
  "fscore": 0.7011424899101257,
  "fscore_beta": 1.0,
  "random_scores": {}
}