{
  "accuracy": 0.9681416153907776,
  "precision": 0.8947062492370605,
  "recall": 0.8345089554786682,
  "f1": 0.8635598421096802,
  "fscore": 0.8635598421096802,
  "fscore_beta": 1.0,
  "random_scores": {}
}