{
  "accuracy": 0.9745836853981018,
  "precision": 0.8975050449371338,
  "recall": 0.8716437220573425,
  "f1": 0.884385347366333,
  "fscore": 0.884385347366333,
  "fscore_beta": 1.0,
  "random_scores": {}
}