{
  "accuracy": 0.8864516019821167,
  "precision": 0.8266211748123169,
  "recall": 0.7290788888931274,
  "f1": 0.7747920751571655,
  "fscore": 0.7747920751571655,
  "fscore_beta": 1.0,
  "random_scores": {}
}