{
  "accuracy": 0.9697633385658264,
  "precision": 0.9194461703300476,
  "recall": 0.8362907767295837,
  "f1": 0.8758992552757263,
  "fscore": 0.8758992552757263,
  "fscore_beta": 1.0,
  "random_scores": {}
}