{
  "accuracy": 0.8883575797080994,
  "precision": 0.8155844211578369,
  "recall": 0.7440758347511292,
  "f1": 0.7781908512115479,
  "fscore": 0.7781908512115479,
  "fscore_beta": 1.0,
  "random_scores": {}
}