{
  "accuracy": 0.8958420157432556,
  "precision": 0.8117359280586243,
  "recall": 0.7867298722267151,
  "f1": 0.7990373373031616,
  "fscore": 0.7990373373031616,
  "fscore_beta": 1.0,
  "random_scores": {}
}