{
  "accuracy": 0.8844074606895447,
  "precision": 0.7973199486732483,
  "recall": 0.7519747018814087,
  "f1": 0.7739837169647217,
  "fscore": 0.7739837169647217,
  "fscore_beta": 1.0,
  "random_scores": {}
}