{
  "accuracy": 0.9525186419487,
  "precision": 0.8709677457809448,
  "recall": 0.7809388041496277,
  "f1": 0.8234999775886536,
  "fscore": 0.8234999775886536,
  "fscore_beta": 1.0,
  "random_scores": {}
}