{
  "accuracy": 0.8854469656944275,
  "precision": 0.7913610339164734,
  "recall": 0.7669826149940491,
  "f1": 0.7789811491966248,
  "fscore": 0.7789811491966248,
  "fscore_beta": 1.0,
  "random_scores": {}
}