{
  "accuracy": 0.8421298265457153,
  "precision": 0.7232558131217957,
  "recall": 0.745207667350769,
  "f1": 0.7340676784515381,
  "fscore": 0.7340676784515381,
  "fscore_beta": 1.0,
  "random_scores": {}
}