{
  "accuracy": 0.9590518474578857,
  "precision": 0.8792746067047119,
  "recall": 0.8237864375114441,
  "f1": 0.850626528263092,
  "fscore": 0.850626528263092,
  "fscore_beta": 1.0,
  "random_scores": {}
}