{
  "accuracy": 0.9730677008628845,
  "precision": 0.8937568664550781,
  "recall": 0.8918032646179199,
  "f1": 0.8927789926528931,
  "fscore": 0.8927789926528931,
  "fscore_beta": 1.0,
  "random_scores": {}
}