{
  "accuracy": 0.8617463707923889,
  "precision": 0.7948969602584839,
  "recall": 0.6398104429244995,
  "f1": 0.7089715600013733,
  "fscore": 0.7089715600013733,
  "fscore_beta": 1.0,
  "random_scores": {}
}