{
  "accuracy": 0.8226611018180847,
  "precision": 0.6556141376495361,
  "recall": 0.6872037649154663,
  "f1": 0.6710373759269714,
  "fscore": 0.6710373759269714,
  "fscore_beta": 1.0,
  "random_scores": {}
}