{
  "accuracy": 0.8657169342041016,
  "precision": 0.7680126428604126,
  "recall": 0.774760365486145,
  "f1": 0.7713717818260193,
  "fscore": 0.7713717818260193,
  "fscore_beta": 1.0,
  "random_scores": {}
}