{
  "accuracy": 0.7428637146949768,
  "precision": 0.5369649529457092,
  "recall": 0.7728000283241272,
  "f1": 0.6336503624916077,
  "fscore": 0.6336503624916077,
  "fscore_beta": 1.0,
  "random_scores": {}
}