{
  "accuracy": 0.9570919275283813,
  "precision": 0.8787335753440857,
  "recall": 0.7717733383178711,
  "f1": 0.8217876553535461,
  "fscore": 0.8217876553535461,
  "fscore_beta": 1.0,
  "random_scores": {}
}