{
  "accuracy": 0.962074875831604,
  "precision": 0.8668197393417358,
  "recall": 0.8251366019248962,
  "f1": 0.8454647660255432,
  "fscore": 0.8454647660255432,
  "fscore_beta": 1.0,
  "random_scores": {}
}