{
  "accuracy": 0.8978543281555176,
  "precision": 0.8267195820808411,
  "recall": 0.7512019276618958,
  "f1": 0.7871537208557129,
  "fscore": 0.7871537208557129,
  "fscore_beta": 1.0,
  "random_scores": {}
}