{
  "accuracy": 0.9132668375968933,
  "precision": 0.8453738689422607,
  "recall": 0.801682710647583,
  "f1": 0.8229488134384155,
  "fscore": 0.8229488134384155,
  "fscore_beta": 1.0,
  "random_scores": {}
}