{
  "accuracy": 0.8930190205574036,
  "precision": 0.8002512454986572,
  "recall": 0.765625,
  "f1": 0.7825552821159363,
  "fscore": 0.7825552821159363,
  "fscore_beta": 1.0,
  "random_scores": {}
}