{
  "accuracy": 0.8854469656944275,
  "precision": 0.7743668556213379,
  "recall": 0.7969984412193298,
  "f1": 0.7855196595191956,
  "fscore": 0.7855196595191956,
  "fscore_beta": 1.0,
  "random_scores": {}
}