{
  "accuracy": 0.8812154531478882,
  "precision": 0.8013136386871338,
  "recall": 0.7807999849319458,
  "f1": 0.7909238338470459,
  "fscore": 0.7909238338470459,
  "fscore_beta": 1.0,
  "random_scores": {}
}