{
  "accuracy": 0.8975521326065063,
  "precision": 0.795918345451355,
  "recall": 0.796875,
  "f1": 0.7963963747024536,
  "fscore": 0.7963963747024536,
  "fscore_beta": 1.0,
  "random_scores": {}
}