{
  "accuracy": 0.9190087914466858,
  "precision": 0.8810811042785645,
  "recall": 0.7836538553237915,
  "f1": 0.8295165300369263,
  "fscore": 0.8295165300369263,
  "fscore_beta": 1.0,
  "random_scores": {}
}