{
  "accuracy": 0.8821362853050232,
  "precision": 0.8208695650100708,
  "recall": 0.7552000284194946,
  "f1": 0.7866666913032532,
  "fscore": 0.7866666913032532,
  "fscore_beta": 1.0,
  "random_scores": {}
}