{
  "accuracy": 0.8816393613815308,
  "precision": 0.7146666646003723,
  "recall": 0.5134099721908569,
  "f1": 0.5975473523139954,
  "fscore": 0.5975473523139954,
  "fscore_beta": 1.0,
  "random_scores": {}
}