{
  "accuracy": 0.8880645036697388,
  "precision": 0.8097373247146606,
  "recall": 0.7609873414039612,
  "f1": 0.7846058011054993,
  "fscore": 0.7846058011054993,
  "fscore_beta": 1.0,
  "random_scores": {}
}