{
  "accuracy": 0.9108064770698547,
  "precision": 0.8799725770950317,
  "recall": 0.7724262475967407,
  "f1": 0.8226995468139648,
  "fscore": 0.8226995468139648,
  "fscore_beta": 1.0,
  "random_scores": {}
}