{
  "accuracy": 0.8304838538169861,
  "precision": 0.6813317537307739,
  "recall": 0.6899458169937134,
  "f1": 0.6856117248535156,
  "fscore": 0.6856117248535156,
  "fscore_beta": 1.0,
  "random_scores": {}
}