{
  "accuracy": 0.8624474406242371,
  "precision": 0.7620553374290466,
  "recall": 0.7699680328369141,
  "f1": 0.7659912109375,
  "fscore": 0.7659912109375,
  "fscore_beta": 1.0,
  "random_scores": {}
}