{
  "accuracy": 0.8580102920532227,
  "precision": 0.7454268336296082,
  "recall": 0.7811501622200012,
  "f1": 0.7628704905509949,
  "fscore": 0.7628704905509949,
  "fscore_beta": 1.0,
  "random_scores": {}
}