{
  "accuracy": 0.805931806564331,
  "precision": 0.66330486536026,
  "recall": 0.6829073429107666,
  "f1": 0.6729633808135986,
  "fscore": 0.6729633808135986,
  "fscore_beta": 1.0,
  "random_scores": {}
}