{
  "accuracy": 0.8703959584236145,
  "precision": 0.7656612396240234,
  "recall": 0.7919999957084656,
  "f1": 0.7786079049110413,
  "fscore": 0.7786079049110413,
  "fscore_beta": 1.0,
  "random_scores": {}
}