{
  "accuracy": 0.9187065362930298,
  "precision": 0.8531994819641113,
  "recall": 0.817307710647583,
  "f1": 0.8348680734634399,
  "fscore": 0.8348680734634399,
  "fscore_beta": 1.0,
  "random_scores": {}
}