{
  "accuracy": 0.9785276055335999,
  "precision": 0.9140362739562988,
  "recall": 0.8912901282310486,
  "f1": 0.9025198817253113,
  "fscore": 0.9025198817253113,
  "fscore_beta": 1.0,
  "random_scores": {}
}