{
  "accuracy": 0.8605791926383972,
  "precision": 0.7521170377731323,
  "recall": 0.780351459980011,
  "f1": 0.7659741044044495,
  "fscore": 0.7659741044044495,
  "fscore_beta": 1.0,
  "random_scores": {}
}