{
  "accuracy": 0.8220607042312622,
  "precision": 0.7596266269683838,
  "recall": 0.6458333134651184,
  "f1": 0.6981233358383179,
  "fscore": 0.6981233358383179,
  "fscore_beta": 1.0,
  "random_scores": {}
}