{
  "accuracy": 0.8619803786277771,
  "precision": 0.7720164656639099,
  "recall": 0.7492012977600098,
  "f1": 0.7604377269744873,
  "fscore": 0.7604377269744873,
  "fscore_beta": 1.0,
  "random_scores": {}
}