{
  "accuracy": 0.8618784546852112,
  "precision": 0.761674702167511,
  "recall": 0.7567999958992004,
  "f1": 0.7592294812202454,
  "fscore": 0.7592294812202454,
  "fscore_beta": 1.0,
  "random_scores": {}
}