{
  "accuracy": 0.8655617237091064,
  "precision": 0.7761194109916687,
  "recall": 0.7487999796867371,
  "f1": 0.7622150182723999,
  "fscore": 0.7622150182723999,
  "fscore_beta": 1.0,
  "random_scores": {}
}