{
  "accuracy": 0.9734881520271301,
  "precision": 0.9133522510528564,
  "recall": 0.8421741724014282,
  "f1": 0.8763202428817749,
  "fscore": 0.8763202428817749,
  "fscore_beta": 1.0,
  "random_scores": {}
}