{
  "accuracy": 0.8594741821289062,
  "precision": 0.716136634349823,
  "recall": 0.7307692170143127,
  "f1": 0.7233789563179016,
  "fscore": 0.7233789563179016,
  "fscore_beta": 1.0,
  "random_scores": {}
}