{
  "accuracy": 0.8490623831748962,
  "precision": 0.7352941036224365,
  "recall": 0.6857143044471741,
  "f1": 0.709639310836792,
  "fscore": 0.709639310836792,
  "fscore_beta": 1.0,
  "random_scores": {}
}