{
  "accuracy": 0.8687528967857361,
  "precision": 0.793367326259613,
  "recall": 0.745207667350769,
  "f1": 0.7685338258743286,
  "fscore": 0.7685338258743286,
  "fscore_beta": 1.0,
  "random_scores": {}
}