{
  "accuracy": 0.9235418438911438,
  "precision": 0.8706786036491394,
  "recall": 0.817307710647583,
  "f1": 0.8431493639945984,
  "fscore": 0.8431493639945984,
  "fscore_beta": 1.0,
  "random_scores": {}
}