{
  "accuracy": 0.874636173248291,
  "precision": 0.7536342740058899,
  "recall": 0.7780410647392273,
  "f1": 0.7656432390213013,
  "fscore": 0.7656432390213013,
  "fscore_beta": 1.0,
  "random_scores": {}
}