{
  "accuracy": 0.8341896533966064,
  "precision": 0.7398229837417603,
  "recall": 0.6677316427230835,
  "f1": 0.7019311189651489,
  "fscore": 0.7019311189651489,
  "fscore_beta": 1.0,
  "random_scores": {}
}