{
  "accuracy": 0.9184043407440186,
  "precision": 0.8611825108528137,
  "recall": 0.8052884340286255,
  "f1": 0.8322980999946594,
  "fscore": 0.8322980999946594,
  "fscore_beta": 1.0,
  "random_scores": {}
}