{
  "accuracy": 0.9681565761566162,
  "precision": 0.8885595798492432,
  "recall": 0.8580423593521118,
  "f1": 0.8730344176292419,
  "fscore": 0.8730344176292419,
  "fscore_beta": 1.0,
  "random_scores": {}
}