{
  "accuracy": 0.8846153616905212,
  "precision": 0.7902041077613831,
  "recall": 0.7646129727363586,
  "f1": 0.7771978974342346,
  "fscore": 0.7771978974342346,
  "fscore_beta": 1.0,
  "random_scores": {}
}