{
  "accuracy": 0.9606686234474182,
  "precision": 0.9084858298301697,
  "recall": 0.7901591658592224,
  "f1": 0.8452012538909912,
  "fscore": 0.8452012538909912,
  "fscore_beta": 1.0,
  "random_scores": {}
}