{
  "accuracy": 0.8222452998161316,
  "precision": 0.6530156135559082,
  "recall": 0.6927329897880554,
  "f1": 0.672288179397583,
  "fscore": 0.672288179397583,
  "fscore_beta": 1.0,
  "random_scores": {}
}