{
  "accuracy": 0.842903196811676,
  "precision": 0.7075528502464294,
  "recall": 0.7049970030784607,
  "f1": 0.7062726020812988,
  "fscore": 0.7062726020812988,
  "fscore_beta": 1.0,
  "random_scores": {}
}