{
  "accuracy": 0.9729868173599243,
  "precision": 0.8799999952316284,
  "recall": 0.8636363744735718,
  "f1": 0.8717413544654846,
  "fscore": 0.8717413544654846,
  "fscore_beta": 1.0,
  "random_scores": {}
}