{
  "accuracy": 0.9682071208953857,
  "precision": 0.907597541809082,
  "recall": 0.8528702259063721,
  "f1": 0.8793832659721375,
  "fscore": 0.8793832659721375,
  "fscore_beta": 1.0,
  "random_scores": {}
}