{
  "accuracy": 0.9037096500396729,
  "precision": 0.8228155374526978,
  "recall": 0.8163756728172302,
  "f1": 0.819582998752594,
  "fscore": 0.819582998752594,
  "fscore_beta": 1.0,
  "random_scores": {}
}