{
  "accuracy": 0.8602670431137085,
  "precision": 0.783259928226471,
  "recall": 0.7111999988555908,
  "f1": 0.745492696762085,
  "fscore": 0.745492696762085,
  "fscore_beta": 1.0,
  "random_scores": {}
}