{
  "accuracy": 0.8648648858070374,
  "precision": 0.7406250238418579,
  "recall": 0.7488151788711548,
  "f1": 0.7446975708007812,
  "fscore": 0.7446975708007812,
  "fscore_beta": 1.0,
  "random_scores": {}
}