{
  "accuracy": 0.8456451892852783,
  "precision": 0.7141119241714478,
  "recall": 0.7068031430244446,
  "f1": 0.7104386687278748,
  "fscore": 0.7104386687278748,
  "fscore_beta": 1.0,
  "random_scores": {}
}