{
  "accuracy": 0.8845901489257812,
  "precision": 0.7775999903678894,
  "recall": 0.6952789425849915,
  "f1": 0.7341389060020447,
  "fscore": 0.7341389060020447,
  "fscore_beta": 1.0,
  "random_scores": {}
}