{
  "accuracy": 0.8527513146400452,
  "precision": 0.7538461685180664,
  "recall": 0.671999990940094,
  "f1": 0.7105740904808044,
  "fscore": 0.7105740904808044,
  "fscore_beta": 1.0,
  "random_scores": {}
}