{
  "accuracy": 0.8741242289543152,
  "precision": 0.787268340587616,
  "recall": 0.780351459980011,
  "f1": 0.7837947010993958,
  "fscore": 0.7837947010993958,
  "fscore_beta": 1.0,
  "random_scores": {}
}