{
  "accuracy": 0.8844382762908936,
  "precision": 0.8050571084022522,
  "recall": 0.7896000146865845,
  "f1": 0.7972536087036133,
  "fscore": 0.7972536087036133,
  "fscore_beta": 1.0,
  "random_scores": {}
}