{
  "accuracy": 0.8927235007286072,
  "precision": 0.7995207905769348,
  "recall": 0.7906792759895325,
  "f1": 0.7950754761695862,
  "fscore": 0.7950754761695862,
  "fscore_beta": 1.0,
  "random_scores": {}
}