{
  "accuracy": 0.8203741908073425,
  "precision": 0.6577708125114441,
  "recall": 0.661927342414856,
  "f1": 0.6598425507545471,
  "fscore": 0.6598425507545471,
  "fscore_beta": 1.0,
  "random_scores": {}
}