{
  "accuracy": 0.8888121843338013,
  "precision": 0.8105263113975525,
  "recall": 0.8008000254631042,
  "f1": 0.8056337833404541,
  "fscore": 0.8056337833404541,
  "fscore_beta": 1.0,
  "random_scores": {}
}