{
  "accuracy": 0.9598763585090637,
  "precision": 0.8827800750732422,
  "recall": 0.8262135982513428,
  "f1": 0.8535606861114502,
  "fscore": 0.8535606861114502,
  "fscore_beta": 1.0,
  "random_scores": {}
}