{
  "accuracy": 0.8633816242218018,
  "precision": 0.757131814956665,
  "recall": 0.7843450307846069,
  "f1": 0.7704982161521912,
  "fscore": 0.7704982161521912,
  "fscore_beta": 1.0,
  "random_scores": {}
}