{
  "accuracy": 0.8395609259605408,
  "precision": 0.7420737147331238,
  "recall": 0.6916933059692383,
  "f1": 0.7159983515739441,
  "fscore": 0.7159983515739441,
  "fscore_beta": 1.0,
  "random_scores": {}
}