{
  "accuracy": 0.8911290168762207,
  "precision": 0.840940535068512,
  "recall": 0.732089102268219,
  "f1": 0.7827486395835876,
  "fscore": 0.7827486395835876,
  "fscore_beta": 1.0,
  "random_scores": {}
}