{
  "accuracy": 0.9703048467636108,
  "precision": 0.9095045328140259,
  "recall": 0.8678244352340698,
  "f1": 0.8881757259368896,
  "fscore": 0.8881757259368896,
  "fscore_beta": 1.0,
  "random_scores": {}
}