{
  "accuracy": 0.860291063785553,
  "precision": 0.7331240177154541,
  "recall": 0.7377567291259766,
  "f1": 0.735433042049408,
  "fscore": 0.735433042049408,
  "fscore_beta": 1.0,
  "random_scores": {}
}