{
  "accuracy": 0.8548969626426697,
  "precision": 0.7641618251800537,
  "recall": 0.5798245668411255,
  "f1": 0.6593515872955322,
  "fscore": 0.6593515872955322,
  "fscore_beta": 1.0,
  "random_scores": {}
}