{
  "accuracy": 0.8075665831565857,
  "precision": 0.690391480922699,
  "recall": 0.6198083162307739,
  "f1": 0.6531987190246582,
  "fscore": 0.6531987190246582,
  "fscore_beta": 1.0,
  "random_scores": {}
}