{
  "accuracy": 0.9697657227516174,
  "precision": 0.8625261783599854,
  "recall": 0.8512396812438965,
  "f1": 0.8568457961082458,
  "fscore": 0.8568457961082458,
  "fscore_beta": 1.0,
  "random_scores": {}
}