{
  "accuracy": 0.8435524702072144,
  "precision": 0.7279102206230164,
  "recall": 0.6329268217086792,
  "f1": 0.6771036982536316,
  "fscore": 0.6771036982536316,
  "fscore_beta": 1.0,
  "random_scores": {}
}