{
  "accuracy": 0.8385483622550964,
  "precision": 0.752293586730957,
  "recall": 0.5924142003059387,
  "f1": 0.662849485874176,
  "fscore": 0.662849485874176,
  "fscore_beta": 1.0,
  "random_scores": {}
}