{
  "accuracy": 0.9629575610160828,
  "precision": 0.8502386808395386,
  "recall": 0.8482142686843872,
  "f1": 0.8492252230644226,
  "fscore": 0.8492252230644226,
  "fscore_beta": 1.0,
  "random_scores": {}
}