{
  "accuracy": 0.9498957395553589,
  "precision": 0.8382936716079712,
  "recall": 0.801327645778656,
  "f1": 0.8193939924240112,
  "fscore": 0.8193939924240112,
  "fscore_beta": 1.0,
  "random_scores": {}
}