{
  "accuracy": 0.8918032646179199,
  "precision": 0.7264150977134705,
  "recall": 0.5900382995605469,
  "f1": 0.6511627435684204,
  "fscore": 0.6511627435684204,
  "fscore_beta": 1.0,
  "random_scores": {}
}