{
  "accuracy": 0.9743777513504028,
  "precision": 0.8765571713447571,
  "recall": 0.9214285612106323,
  "f1": 0.8984329700469971,
  "fscore": 0.8984329700469971,
  "fscore_beta": 1.0,
  "random_scores": {}
}