{
  "accuracy": 0.9042006731033325,
  "precision": 0.8004667162895203,
  "recall": 0.8245192170143127,
  "f1": 0.8123149871826172,
  "fscore": 0.8123149871826172,
  "fscore_beta": 1.0,
  "random_scores": {}
}