{
  "accuracy": 0.8491359353065491,
  "precision": 0.7572156190872192,
  "recall": 0.7124600410461426,
  "f1": 0.7341563701629639,
  "fscore": 0.7341563701629639,
  "fscore_beta": 1.0,
  "random_scores": {}
}