{
  "accuracy": 0.7725362181663513,
  "precision": 0.606269121170044,
  "recall": 0.6333865523338318,
  "f1": 0.6195312142372131,
  "fscore": 0.6195312142372131,
  "fscore_beta": 1.0,
  "random_scores": {}
}