{
  "accuracy": 0.8879417777061462,
  "precision": 0.7901037335395813,
  "recall": 0.7819905281066895,
  "f1": 0.7860262393951416,
  "fscore": 0.7860262393951416,
  "fscore_beta": 1.0,
  "random_scores": {}
}