{
  "accuracy": 0.8830462098121643,
  "precision": 0.8325859308242798,
  "recall": 0.6694711446762085,
  "f1": 0.7421718239784241,
  "fscore": 0.7421718239784241,
  "fscore_beta": 1.0,
  "random_scores": {}
}