{
  "accuracy": 0.8529005646705627,
  "precision": 0.7730116248130798,
  "recall": 0.6919999718666077,
  "f1": 0.7302659153938293,
  "fscore": 0.7302659153938293,
  "fscore_beta": 1.0,
  "random_scores": {}
}