{
  "accuracy": 0.8454487919807434,
  "precision": 0.7327707409858704,
  "recall": 0.6353658437728882,
  "f1": 0.6806008815765381,
  "fscore": 0.6806008815765381,
  "fscore_beta": 1.0,
  "random_scores": {}
}