{
  "accuracy": 0.9586387872695923,
  "precision": 0.854865312576294,
  "recall": 0.815844714641571,
  "f1": 0.8348993062973022,
  "fscore": 0.8348993062973022,
  "fscore_beta": 1.0,
  "random_scores": {}
}