{
  "accuracy": 0.889090359210968,
  "precision": 0.7725673913955688,
  "recall": 0.792067289352417,
  "f1": 0.7821958065032959,
  "fscore": 0.7821958065032959,
  "fscore_beta": 1.0,
  "random_scores": {}
}