{
  "accuracy": 0.8239085078239441,
  "precision": 0.6645718812942505,
  "recall": 0.6682464480400085,
  "f1": 0.666404128074646,
  "fscore": 0.666404128074646,
  "fscore_beta": 1.0,
  "random_scores": {}
}