{
  "accuracy": 0.9111290574073792,
  "precision": 0.8481806516647339,
  "recall": 0.8139674663543701,
  "f1": 0.8307219743728638,
  "fscore": 0.8307219743728638,
  "fscore_beta": 1.0,
  "random_scores": {}
}