{
  "accuracy": 0.8895494341850281,
  "precision": 0.6993166208267212,
  "recall": 0.5814393758773804,
  "f1": 0.6349534392356873,
  "fscore": 0.6349534392356873,
  "fscore_beta": 1.0,
  "random_scores": {}
}