{
  "accuracy": 0.9563521146774292,
  "precision": 0.8355579376220703,
  "recall": 0.8210912942886353,
  "f1": 0.8282614946365356,
  "fscore": 0.8282614946365356,
  "fscore_beta": 1.0,
  "random_scores": {}
}