{
  "accuracy": 0.8872131109237671,
  "precision": 0.673828125,
  "recall": 0.6609195470809937,
  "f1": 0.667311429977417,
  "fscore": 0.667311429977417,
  "fscore_beta": 1.0,
  "random_scores": {}
}