{
  "accuracy": 0.881289005279541,
  "precision": 0.7760127186775208,
  "recall": 0.7717219591140747,
  "f1": 0.7738613486289978,
  "fscore": 0.7738613486289978,
  "fscore_beta": 1.0,
  "random_scores": {}
}