{
  "accuracy": 0.8725571632385254,
  "precision": 0.7912577986717224,
  "recall": 0.7006319165229797,
  "f1": 0.7431923151016235,
  "fscore": 0.7431923151016235,
  "fscore_beta": 1.0,
  "random_scores": {}
}