{
  "accuracy": 0.8464792966842651,
  "precision": 0.7281690239906311,
  "recall": 0.6213942170143127,
  "f1": 0.6705577373504639,
  "fscore": 0.6705577373504639,
  "fscore_beta": 1.0,
  "random_scores": {}
}