{
  "accuracy": 0.8629937767982483,
  "precision": 0.7433841228485107,
  "recall": 0.7322275042533875,
  "f1": 0.7377636432647705,
  "fscore": 0.7377636432647705,
  "fscore_beta": 1.0,
  "random_scores": {}
}