{
  "accuracy": 0.8296501040458679,
  "precision": 0.7036741375923157,
  "recall": 0.704800009727478,
  "f1": 0.7042365670204163,
  "fscore": 0.7042365670204163,
  "fscore_beta": 1.0,
  "random_scores": {}
}