{
  "accuracy": 0.9554778337478638,
  "precision": 0.8542141318321228,
  "recall": 0.7869884371757507,
  "f1": 0.81922447681427,
  "fscore": 0.81922447681427,
  "fscore_beta": 1.0,
  "random_scores": {}
}