{
  "accuracy": 0.841069757938385,
  "precision": 0.698888897895813,
  "recall": 0.7188571691513062,
  "f1": 0.7087324261665344,
  "fscore": 0.7087324261665344,
  "fscore_beta": 1.0,
  "random_scores": {}
}