{
  "accuracy": 0.8533395528793335,
  "precision": 0.7613065242767334,
  "recall": 0.7260383367538452,
  "f1": 0.7432543039321899,
  "fscore": 0.7432543039321899,
  "fscore_beta": 1.0,
  "random_scores": {}
}