{
  "accuracy": 0.8912057876586914,
  "precision": 0.7829736471176147,
  "recall": 0.7848557829856873,
  "f1": 0.7839136123657227,
  "fscore": 0.7839136123657227,
  "fscore_beta": 1.0,
  "random_scores": {}
}