{
  "accuracy": 0.8652498722076416,
  "precision": 0.7755101919174194,
  "recall": 0.7587859630584717,
  "f1": 0.767056941986084,
  "fscore": 0.767056941986084,
  "fscore_beta": 1.0,
  "random_scores": {}
}