{
  "accuracy": 0.9099425673484802,
  "precision": 0.8388324975967407,
  "recall": 0.7944711446762085,
  "f1": 0.8160493969917297,
  "fscore": 0.8160493969917297,
  "fscore_beta": 1.0,
  "random_scores": {}
}