{
  "accuracy": 0.8958420157432556,
  "precision": 0.8352322578430176,
  "recall": 0.7527646422386169,
  "f1": 0.791857123374939,
  "fscore": 0.791857123374939,
  "fscore_beta": 1.0,
  "random_scores": {}
}