{
  "accuracy": 0.8819060921669006,
  "precision": 0.8068276643753052,
  "recall": 0.7752000093460083,
  "f1": 0.7906976938247681,
  "fscore": 0.7906976938247681,
  "fscore_beta": 1.0,
  "random_scores": {}
}