{
  "accuracy": 0.8276506066322327,
  "precision": 0.7419962286949158,
  "recall": 0.6293929815292358,
  "f1": 0.6810717582702637,
  "fscore": 0.6810717582702637,
  "fscore_beta": 1.0,
  "random_scores": {}
}