{
  "accuracy": 0.7596673369407654,
  "precision": 0.5326991677284241,
  "recall": 0.7077409029006958,
  "f1": 0.6078697443008423,
  "fscore": 0.6078697443008423,
  "fscore_beta": 1.0,
  "random_scores": {}
}