{
  "accuracy": 0.9159867167472839,
  "precision": 0.8664020895957947,
  "recall": 0.7872596383094788,
  "f1": 0.8249369859695435,
  "fscore": 0.8249369859695435,
  "fscore_beta": 1.0,
  "random_scores": {}
}