{
  "accuracy": 0.7837458848953247,
  "precision": 0.6287519931793213,
  "recall": 0.6357827186584473,
  "f1": 0.632247805595398,
  "fscore": 0.632247805595398,
  "fscore_beta": 1.0,
  "random_scores": {}
}