{
  "accuracy": 0.8970994353294373,
  "precision": 0.8376787304878235,
  "recall": 0.7968000173568726,
  "f1": 0.8167281150817871,
  "fscore": 0.8167281150817871,
  "fscore_beta": 1.0,
  "random_scores": {}
}