{
  "accuracy": 0.8603456616401672,
  "precision": 0.7738693356513977,
  "recall": 0.7380191683769226,
  "f1": 0.7555192112922668,
  "fscore": 0.7555192112922668,
  "fscore_beta": 1.0,
  "random_scores": {}
}