{
  "accuracy": 0.8959677219390869,
  "precision": 0.8231552243232727,
  "recall": 0.7790487408638,
  "f1": 0.8004948496818542,
  "fscore": 0.8004948496818542,
  "fscore_beta": 1.0,
  "random_scores": {}
}