{
  "accuracy": 0.958840548992157,
  "precision": 0.8888311982154846,
  "recall": 0.8112849593162537,
  "f1": 0.8482895493507385,
  "fscore": 0.8482895493507385,
  "fscore_beta": 1.0,
  "random_scores": {}
}