{
  "accuracy": 0.8848668932914734,
  "precision": 0.8072874546051025,
  "recall": 0.7963258624076843,
  "f1": 0.8017691373825073,
  "fscore": 0.8017691373825073,
  "fscore_beta": 1.0,
  "random_scores": {}
}