{
  "accuracy": 0.8527180552482605,
  "precision": 0.7565217614173889,
  "recall": 0.6365853548049927,
  "f1": 0.6913906931877136,
  "fscore": 0.6913906931877136,
  "fscore_beta": 1.0,
  "random_scores": {}
}