{
  "accuracy": 0.8467814922332764,
  "precision": 0.7285513281822205,
  "recall": 0.6225961446762085,
  "f1": 0.6714193224906921,
  "fscore": 0.6714193224906921,
  "fscore_beta": 1.0,
  "random_scores": {}
}