{
  "accuracy": 0.8554413914680481,
  "precision": 0.7406843900680542,
  "recall": 0.7779552936553955,
  "f1": 0.7588624358177185,
  "fscore": 0.7588624358177185,
  "fscore_beta": 1.0,
  "random_scores": {}
}