{
  "accuracy": 0.8126819133758545,
  "precision": 0.6540084481239319,
  "recall": 0.612164318561554,
  "f1": 0.6323949694633484,
  "fscore": 0.6323949694633484,
  "fscore_beta": 1.0,
  "random_scores": {}
}