{
  "accuracy": 0.9156845211982727,
  "precision": 0.8540332913398743,
  "recall": 0.801682710647583,
  "f1": 0.8270304203033447,
  "fscore": 0.8270304203033447,
  "fscore_beta": 1.0,
  "random_scores": {}
}