{
  "accuracy": 0.9627662897109985,
  "precision": 0.8870673775672913,
  "recall": 0.7927292585372925,
  "f1": 0.8372492790222168,
  "fscore": 0.8372492790222168,
  "fscore_beta": 1.0,
  "random_scores": {}
}