{
  "accuracy": 0.907903254032135,
  "precision": 0.8498074412345886,
  "recall": 0.7971101999282837,
  "f1": 0.8226157426834106,
  "fscore": 0.8226157426834106,
  "fscore_beta": 1.0,
  "random_scores": {}
}