{
  "accuracy": 0.8776272535324097,
  "precision": 0.7940226197242737,
  "recall": 0.7851437926292419,
  "f1": 0.7895582318305969,
  "fscore": 0.7895582318305969,
  "fscore_beta": 1.0,
  "random_scores": {}
}