{
  "accuracy": 0.8191268444061279,
  "precision": 0.6473214030265808,
  "recall": 0.6872037649154663,
  "f1": 0.6666666865348816,
  "fscore": 0.6666666865348816,
  "fscore_beta": 1.0,
  "random_scores": {}
}