{
  "accuracy": 0.8877338767051697,
  "precision": 0.7956026196479797,
  "recall": 0.7717219591140747,
  "f1": 0.7834802865982056,
  "fscore": 0.7834802865982056,
  "fscore_beta": 1.0,
  "random_scores": {}
}