{
  "accuracy": 0.9108260273933411,
  "precision": 0.5927977561950684,
  "recall": 0.6079545617103577,
  "f1": 0.6002805233001709,
  "fscore": 0.6002805233001709,
  "fscore_beta": 1.0,
  "random_scores": {}
}