{
  "accuracy": 0.8616393208503723,
  "precision": 0.7560073733329773,
  "recall": 0.5851216316223145,
  "f1": 0.6596773862838745,
  "fscore": 0.6596773862838745,
  "fscore_beta": 1.0,
  "random_scores": {}
}