{
  "accuracy": 0.8385483622550964,
  "precision": 0.7101910710334778,
  "recall": 0.6712823510169983,
  "f1": 0.6901887655258179,
  "fscore": 0.6901887655258179,
  "fscore_beta": 1.0,
  "random_scores": {}
}