{
  "accuracy": 0.8727419376373291,
  "precision": 0.840624988079071,
  "recall": 0.6478025317192078,
  "f1": 0.7317239046096802,
  "fscore": 0.7317239046096802,
  "fscore_beta": 1.0,
  "random_scores": {}
}