{
  "accuracy": 0.8539809584617615,
  "precision": 0.7450980544090271,
  "recall": 0.694857120513916,
  "f1": 0.719101071357727,
  "fscore": 0.719101071357727,
  "fscore_beta": 1.0,
  "random_scores": {}
}