{
  "accuracy": 0.8751564621925354,
  "precision": 0.6352201104164124,
  "recall": 0.5738636255264282,
  "f1": 0.6029850244522095,
  "fscore": 0.6029850244522095,
  "fscore_beta": 1.0,
  "random_scores": {}
}