{
  "accuracy": 0.8540401458740234,
  "precision": 0.7796609997749329,
  "recall": 0.6980830430984497,
  "f1": 0.7366202473640442,
  "fscore": 0.7366202473640442,
  "fscore_beta": 1.0,
  "random_scores": {}
}