{
  "accuracy": 0.8692307472229004,
  "precision": 0.7537848353385925,
  "recall": 0.7472353577613831,
  "f1": 0.7504957914352417,
  "fscore": 0.7504957914352417,
  "fscore_beta": 1.0,
  "random_scores": {}
}