{
  "accuracy": 0.8790020942687988,
  "precision": 0.786912739276886,
  "recall": 0.7409162521362305,
  "f1": 0.7632220983505249,
  "fscore": 0.7632220983505249,
  "fscore_beta": 1.0,
  "random_scores": {}
}