{
  "accuracy": 0.7786081433296204,
  "precision": 0.6171032190322876,
  "recall": 0.639776349067688,
  "f1": 0.6282352805137634,
  "fscore": 0.6282352805137634,
  "fscore_beta": 1.0,
  "random_scores": {}
}