{
  "accuracy": 0.8868852257728577,
  "precision": 0.7310705184936523,
  "recall": 0.5363984704017639,
  "f1": 0.6187845468521118,
  "fscore": 0.6187845468521118,
  "fscore_beta": 1.0,
  "random_scores": {}
}