{
  "accuracy": 0.9120776057243347,
  "precision": 0.5922077894210815,
  "recall": 0.6477272510528564,
  "f1": 0.618724524974823,
  "fscore": 0.618724524974823,
  "fscore_beta": 1.0,
  "random_scores": {}
}