{
  "accuracy": 0.8199584484100342,
  "precision": 0.638504147529602,
  "recall": 0.7282780408859253,
  "f1": 0.6804428100585938,
  "fscore": 0.6804428100585938,
  "fscore_beta": 1.0,
  "random_scores": {}
}