{
  "accuracy": 0.7983565330505371,
  "precision": 0.7171361446380615,
  "recall": 0.6061508059501648,
  "f1": 0.6569892168045044,
  "fscore": 0.6569892168045044,
  "fscore_beta": 1.0,
  "random_scores": {}
}