{
  "accuracy": 0.8533395528793335,
  "precision": 0.7899628281593323,
  "recall": 0.6789137125015259,
  "f1": 0.7302404642105103,
  "fscore": 0.7302404642105103,
  "fscore_beta": 1.0,
  "random_scores": {}
}