{
  "accuracy": 0.8453993201255798,
  "precision": 0.7204782962799072,
  "recall": 0.7699680328369141,
  "f1": 0.7444015145301819,
  "fscore": 0.7444015145301819,
  "fscore_beta": 1.0,
  "random_scores": {}
}