{
  "accuracy": 0.9116129279136658,
  "precision": 0.8634878993034363,
  "recall": 0.7959060668945312,
  "f1": 0.8283207416534424,
  "fscore": 0.8283207416534424,
  "fscore_beta": 1.0,
  "random_scores": {}
}