{
  "accuracy": 0.9069355130195618,
  "precision": 0.8387500047683716,
  "recall": 0.807947039604187,
  "f1": 0.8230604529380798,
  "fscore": 0.8230604529380798,
  "fscore_beta": 1.0,
  "random_scores": {}
}