{
  "accuracy": 0.8796257972717285,
  "precision": 0.7958656549453735,
  "recall": 0.7298578023910522,
  "f1": 0.7614338994026184,
  "fscore": 0.7614338994026184,
  "fscore_beta": 1.0,
  "random_scores": {}
}