{
  "accuracy": 0.7464516162872314,
  "precision": 0.5247085094451904,
  "recall": 0.5689343810081482,
  "f1": 0.5459271669387817,
  "fscore": 0.5459271669387817,
  "fscore_beta": 1.0,
  "random_scores": {}
}