{
  "accuracy": 0.7300326824188232,
  "precision": 0.5323449969291687,
  "recall": 0.6309903860092163,
  "f1": 0.5774853825569153,
  "fscore": 0.5774853825569153,
  "fscore_beta": 1.0,
  "random_scores": {}
}