{
  "accuracy": 0.9005742073059082,
  "precision": 0.8228498101234436,
  "recall": 0.770432710647583,
  "f1": 0.7957790493965149,
  "fscore": 0.7957790493965149,
  "fscore_beta": 1.0,
  "random_scores": {}
}