{
  "accuracy": 0.806236982345581,
  "precision": 0.6251873970031738,
  "recall": 0.6587677597999573,
  "f1": 0.6415385007858276,
  "fscore": 0.6415385007858276,
  "fscore_beta": 1.0,
  "random_scores": {}
}