{
  "accuracy": 0.8887881636619568,
  "precision": 0.8169398903846741,
  "recall": 0.71875,
  "f1": 0.7647058963775635,
  "fscore": 0.7647058963775635,
  "fscore_beta": 1.0,
  "random_scores": {}
}