{
  "accuracy": 0.8924953937530518,
  "precision": 0.8222222328186035,
  "recall": 0.7991999983787537,
  "f1": 0.8105475902557373,
  "fscore": 0.8105475902557373,
  "fscore_beta": 1.0,
  "random_scores": {}
}