{
  "accuracy": 0.9051612615585327,
  "precision": 0.8355221748352051,
  "recall": 0.8043347597122192,
  "f1": 0.8196318745613098,
  "fscore": 0.8196318745613098,
  "fscore_beta": 1.0,
  "random_scores": {}
}