{
  "accuracy": 0.9625040888786316,
  "precision": 0.8839879035949707,
  "recall": 0.7938144207000732,
  "f1": 0.8364779353141785,
  "fscore": 0.8364779353141785,
  "fscore_beta": 1.0,
  "random_scores": {}
}