{
  "accuracy": 0.8895081877708435,
  "precision": 0.8243727684020996,
  "recall": 0.6580829620361328,
  "f1": 0.7319013476371765,
  "fscore": 0.7319013476371765,
  "fscore_beta": 1.0,
  "random_scores": {}
}