{
  "accuracy": 0.8873180747032166,
  "precision": 0.7801857590675354,
  "recall": 0.7962085604667664,
  "f1": 0.7881157398223877,
  "fscore": 0.7881157398223877,
  "fscore_beta": 1.0,
  "random_scores": {}
}