{
  "accuracy": 0.8470363020896912,
  "precision": 0.799298882484436,
  "recall": 0.6500356197357178,
  "f1": 0.7169811129570007,
  "fscore": 0.7169811129570007,
  "fscore_beta": 1.0,
  "random_scores": {}
}