{
  "accuracy": 0.863950252532959,
  "precision": 0.7799490094184875,
  "recall": 0.7343999743461609,
  "f1": 0.7564895153045654,
  "fscore": 0.7564895153045654,
  "fscore_beta": 1.0,
  "random_scores": {}
}