{
  "accuracy": 0.8896049857139587,
  "precision": 0.7918983101844788,
  "recall": 0.7875197529792786,
  "f1": 0.7897030115127563,
  "fscore": 0.7897030115127563,
  "fscore_beta": 1.0,
  "random_scores": {}
}