{
  "accuracy": 0.8896049857139587,
  "precision": 0.8014765977859497,
  "recall": 0.7717219591140747,
  "f1": 0.7863178849220276,
  "fscore": 0.7863178849220276,
  "fscore_beta": 1.0,
  "random_scores": {}
}