{
  "accuracy": 0.8386268019676208,
  "precision": 0.7308642268180847,
  "recall": 0.7092651724815369,
  "f1": 0.7199026942253113,
  "fscore": 0.7199026942253113,
  "fscore_beta": 1.0,
  "random_scores": {}
}