{
  "accuracy": 0.7875491380691528,
  "precision": 0.5843137502670288,
  "recall": 0.5372596383094788,
  "f1": 0.5597996115684509,
  "fscore": 0.5597996115684509,
  "fscore_beta": 1.0,
  "random_scores": {}
}