{
  "accuracy": 0.9593575596809387,
  "precision": 0.9083755016326904,
  "recall": 0.7795465588569641,
  "f1": 0.8390446901321411,
  "fscore": 0.8390446901321411,
  "fscore_beta": 1.0,
  "random_scores": {}
}