{
  "accuracy": 0.8669428825378418,
  "precision": 0.7852292060852051,
  "recall": 0.7400000095367432,
  "f1": 0.761944055557251,
  "fscore": 0.761944055557251,
  "fscore_beta": 1.0,
  "random_scores": {}
}