{
  "accuracy": 0.9644795656204224,
  "precision": 0.892878532409668,
  "recall": 0.8153005242347717,
  "f1": 0.8523279428482056,
  "fscore": 0.8523279428482056,
  "fscore_beta": 1.0,
  "random_scores": {}
}