{
  "accuracy": 0.8880645036697388,
  "precision": 0.8238446116447449,
  "recall": 0.7405177354812622,
  "f1": 0.7799619436264038,
  "fscore": 0.7799619436264038,
  "fscore_beta": 1.0,
  "random_scores": {}
}