{
  "accuracy": 0.8456808924674988,
  "precision": 0.7113752365112305,
  "recall": 0.5579227805137634,
  "f1": 0.625373125076294,
  "fscore": 0.625373125076294,
  "fscore_beta": 1.0,
  "random_scores": {}
}