{
  "accuracy": 0.8441438674926758,
  "precision": 0.6788856387138367,
  "recall": 0.616511344909668,
  "f1": 0.6461967825889587,
  "fscore": 0.6461967825889587,
  "fscore_beta": 1.0,
  "random_scores": {}
}