{
  "accuracy": 0.84306401014328,
  "precision": 0.7217125296592712,
  "recall": 0.7539936304092407,
  "f1": 0.737500011920929,
  "fscore": 0.737500011920929,
  "fscore_beta": 1.0,
  "random_scores": {}
}