{
  "accuracy": 0.8689186573028564,
  "precision": 0.7902330756187439,
  "recall": 0.6245614290237427,
  "f1": 0.6976972818374634,
  "fscore": 0.6976972818374634,
  "fscore_beta": 1.0,
  "random_scores": {}
}