{
  "accuracy": 0.8481401801109314,
  "precision": 0.72651606798172,
  "recall": 0.698285698890686,
  "f1": 0.7121211290359497,
  "fscore": 0.7121211290359497,
  "fscore_beta": 1.0,
  "random_scores": {}
}