{
  "accuracy": 0.8388116359710693,
  "precision": 0.7220630645751953,
  "recall": 0.6146341562271118,
  "f1": 0.6640316247940063,
  "fscore": 0.6640316247940063,
  "fscore_beta": 1.0,
  "random_scores": {}
}