{
  "accuracy": 0.8759294748306274,
  "precision": 0.8075221180915833,
  "recall": 0.640350878238678,
  "f1": 0.714285671710968,
  "fscore": 0.714285671710968,
  "fscore_beta": 1.0,
  "random_scores": {}
}