{
  "accuracy": 0.8398386836051941,
  "precision": 0.6769067645072937,
  "recall": 0.7694160342216492,
  "f1": 0.7202029228210449,
  "fscore": 0.7202029228210449,
  "fscore_beta": 1.0,
  "random_scores": {}
}