{
  "accuracy": 0.8919354677200317,
  "precision": 0.8345712423324585,
  "recall": 0.74413001537323,
  "f1": 0.7867599725723267,
  "fscore": 0.7867599725723267,
  "fscore_beta": 1.0,
  "random_scores": {}
}