{
  "accuracy": 0.8885819315910339,
  "precision": 0.8196995258331299,
  "recall": 0.7856000065803528,
  "f1": 0.8022876381874084,
  "fscore": 0.8022876381874084,
  "fscore_beta": 1.0,
  "random_scores": {}
}