{
  "accuracy": 0.8524438738822937,
  "precision": 0.6944046020507812,
  "recall": 0.6444740295410156,
  "f1": 0.6685082912445068,
  "fscore": 0.6685082912445068,
  "fscore_beta": 1.0,
  "random_scores": {}
}